Time (UTC),Machines > Bridgeport Mill 1 > Spindle > X-Axial > Damage Accumulation,Machines > Bridgeport Mill 1 > Spindle > Y-Radial > Damage Accumulation
2/29/2020 5:00,0.95567983,0.988032013
2/29/2020 5:09,1.4197335,1.08514841
2/29/2020 5:19,0.72909933,1.088552298
2/29/2020 5:29,1.3906804,1.115410123
2/29/2020 5:39,1.0901774,1.026904534
2/29/2020 5:49,1.070709,1.009048175
2/29/2020 5:59,1.0874232,1.007296143
2/29/2020 6:10,1.226297,0.985350271
2/29/2020 6:19,0.9275499,0.994469902
2/29/2020 6:29,0.7086375,0.972692188
2/29/2020 6:39,0.8957859,0.998247208
2/29/2020 6:49,1.1086519,1.127636995
2/29/2020 6:59,0.9280428,1.252708872
2/29/2020 7:09,0.80941504,1.047981943
2/29/2020 7:20,1.100914,1.206908967
2/29/2020 7:29,0.8855227,1.115890559
2/29/2020 7:39,1.001057,0.995312723
2/29/2020 7:49,0.78615534,1.321568147
2/29/2020 7:59,0.7254361,0.999224891
2/29/2020 8:09,0.9665658,0.98379811
2/29/2020 8:19,0.7044676,1.01491294
2/29/2020 8:30,1.2098696,1.020538137
2/29/2020 8:39,1.3588123,0.985531968
2/29/2020 8:49,0.8872522,1.002631809
2/29/2020 8:59,1.2971332,1.114677291
2/29/2020 9:09,0.9837864,1.095716076
2/29/2020 9:19,0.77837723,0.975347067
2/29/2020 9:29,0.6304573,1.196600467
2/29/2020 9:40,0.62199587,1.03836686
2/29/2020 9:49,0.86213255,1.005966805
2/29/2020 9:59,1.2669919,1.009872254
2/29/2020 10:09,0.9636189,0.990160665
2/29/2020 10:19,0.83925635,1.149593467
2/29/2020 10:29,0.91886973,1.04926683
2/29/2020 10:39,0.97167313,0.987729738
2/29/2020 10:50,0.9908795,0.989970268
2/29/2020 10:59,0.8884685,1.080917964
2/29/2020 11:09,1.4667438,1.05642447
2/29/2020 11:19,1.1202862,1.003882882
2/29/2020 11:29,0.99671406,1.009408626
2/29/2020 11:39,0.9107005,0.983746406
2/29/2020 11:49,0.88308024,1.002455499
2/29/2020 12:00,0.819117,0.997006551
2/29/2020 12:09,0.9908668,1.003290983
2/29/2020 12:19,1.0929761,1.028521936
2/29/2020 12:29,1.0068284,1.154529678
2/29/2020 12:39,0.9463949,0.999336
2/29/2020 12:49,1.037313,1.045024393
2/29/2020 12:59,0.7289663,1.001777628
2/29/2020 13:10,0.9675076,0.986439112
2/29/2020 13:20,1.389115,0.998184682
2/29/2020 13:29,1.1925933,0.990202533
2/29/2020 13:39,0.9892607,1.100157999
2/29/2020 13:49,1.2010249,0.99154594
2/29/2020 13:59,0.96218055,1.026193156
2/29/2020 14:09,0.9340447,1.000205735
2/29/2020 14:20,1.1599905,0.997613312
2/29/2020 14:30,0.9881565,1.09945918
2/29/2020 14:39,1.3284146,1.109179086
2/29/2020 14:49,0.62071514,1.003425586
2/29/2020 14:59,1.017209,1.008008149
2/29/2020 15:09,0.7941148,1.00106979
2/29/2020 15:19,1.1426196,0.99299438
2/29/2020 15:30,1.3713623,0.987398793
2/29/2020 15:40,0.6665629,1.012016446
2/29/2020 15:49,0.89048165,1.293472687
2/29/2020 15:59,0.9584585,1.000720849
2/29/2020 16:09,1.0129426,1.005132969
2/29/2020 16:19,0.92493093,1.025960332
2/29/2020 16:29,1.1179342,0.988075045
2/29/2020 16:40,0.91926146,1.030726058
2/29/2020 16:50,0.93680274,1.005546216
2/29/2020 16:59,0.561498,1.007452663
2/29/2020 17:09,0.77175325,1.003020396
2/29/2020 17:19,0.99751794,1.151298263
2/29/2020 17:29,1.1010345,1.0002448
2/29/2020 17:39,1.1730201,0.985674535
2/29/2020 17:50,0.61664724,1.002272299
2/29/2020 18:00,1.1472672,1.00552946
2/29/2020 18:09,0.79587144,0.999643913
2/29/2020 18:19,0.835504,1.1354165
2/29/2020 18:29,0.5803747,1.04289942
2/29/2020 18:39,0.9160388,0.999079018
2/29/2020 18:49,1.0253325,1.051953569
2/29/2020 18:59,1.3675833,1.004352773
2/29/2020 19:10,0.97374886,1.009069652
2/29/2020 19:19,0.8659849,1.015065495
2/29/2020 19:29,0.8752257,1.138397118
2/29/2020 19:39,0.73454934,1.044483546
2/29/2020 19:49,0.9128731,0.994822093
2/29/2020 19:59,0.9730836,0.987260705
2/29/2020 20:09,1.1813006,1.001935732
2/29/2020 20:20,0.9453825,0.987433748
2/29/2020 20:29,0.8931039,1.121023434
2/29/2020 20:39,0.92911655,1.13947487
2/29/2020 20:49,1.0730019,1.0218556
2/29/2020 20:59,1.039907,0.982051611
2/29/2020 21:09,0.8672062,1.003666021
2/29/2020 21:20,1.2600095,1.165313078
2/29/2020 21:30,0.847096,1.006909104
2/29/2020 21:39,0.96619767,0.976628806
2/29/2020 21:49,1.3368938,1.108718697
2/29/2020 21:59,0.9640983,0.987308136
2/29/2020 22:09,1.149616,1.099935151
2/29/2020 22:19,1.113521,1.005057333
2/29/2020 22:29,0.7875177,1.077126922
2/29/2020 22:40,0.762024,1.026294477
2/29/2020 22:49,0.591166,1.087146228
2/29/2020 22:59,1.2184201,0.993573386
2/29/2020 23:09,1.4154313,1.039185073
2/29/2020 23:19,0.90159386,0.985931461
2/29/2020 23:29,1.1022854,1.009424648
2/29/2020 23:39,0.7781408,0.987707335
2/29/2020 23:50,0.9675953,1.090501407
2/29/2020 23:59,0.90610623,0.986435433
3/1/2020 0:09,1.1672921,1.003106716
3/1/2020 0:19,0.7080493,1.167246197
3/1/2020 0:29,0.89568794,1.001822356
3/1/2020 0:39,0.90061194,1.004151483
3/1/2020 0:50,0.6014536,0.987287587
3/1/2020 1:00,0.8563195,1.002580726
3/1/2020 1:09,0.5087075,1.030840019
3/1/2020 1:19,1.4065378,1.014919444
3/1/2020 1:29,0.9413802,0.995157155
3/1/2020 1:39,0.7915812,0.989479423
3/1/2020 1:49,0.77118903,1.003192718
3/1/2020 2:00,0.7107964,1.018479701
3/1/2020 2:10,0.856744,1.085541404
3/1/2020 2:29,0.7719465,1.080489534
3/1/2020 2:39,0.66472954,1.00725012
3/1/2020 2:49,0.99580246,0.981635622
3/1/2020 2:59,0.66517913,0.977874024
3/1/2020 3:10,1.2458643,1.007315293
3/1/2020 3:20,1.1297246,1.039437583
3/1/2020 3:29,0.8504934,1.007480335
3/1/2020 3:39,0.7003518,0.994928826
3/1/2020 3:49,1.1528573,0.99843037
3/1/2020 3:59,0.85842013,0.981426482
3/1/2020 4:09,1.2891783,1.00669987
3/1/2020 4:20,1.2462838,1.115721081
3/1/2020 4:30,1.3605981,0.998067869
3/1/2020 4:39,1.0273494,1.083849602
3/1/2020 4:49,1.2554871,1.013913454
3/1/2020 4:59,1.4153647,1.008056715
3/1/2020 5:09,1.1088698,1.120256739
3/1/2020 5:19,1.267048,1.104177831
3/1/2020 5:30,0.7832696,1.029904534
3/1/2020 5:40,0.90432984,1.013841949
3/1/2020 5:49,0.8527863,1.000061384
3/1/2020 5:59,0.7557073,1.101874167
3/1/2020 6:09,1.3996742,0.992620238
3/1/2020 6:19,0.93142486,1.005392645
3/1/2020 6:29,1.1719589,1.171372
3/1/2020 6:39,0.7721268,0.998344122
3/1/2020 6:50,0.84235764,1.009470218
3/1/2020 6:59,0.8012382,1.003362517
3/1/2020 7:09,0.6158504,1.024555831
3/1/2020 7:19,1.0508502,0.982665314
3/1/2020 7:29,0.9739683,1.10305561
3/1/2020 7:39,0.7933216,1.000825301
3/1/2020 7:49,0.91324264,1.027455642
3/1/2020 8:00,0.78493965,0.97842848
3/1/2020 8:10,0.7232527,1.027065825
3/1/2020 8:19,0.75035506,1.002208513
3/1/2020 8:29,0.70948297,1.103576702
3/1/2020 8:39,0.780373,1.008176235
3/1/2020 8:49,0.7259346,1.031887961
3/1/2020 8:59,1.2593737,0.982583049
3/1/2020 9:10,0.76311845,1.173126209
3/1/2020 9:20,0.78619474,0.977493711
3/1/2020 9:29,1.0279906,1.159691201
3/1/2020 9:39,1.4893616,0.988162948
3/1/2020 9:49,0.6672756,1.034020903
3/1/2020 9:59,0.9450279,1.310327953
3/1/2020 10:09,1.0312347,1.149199679
3/1/2020 10:20,0.8958797,0.999106899
3/1/2020 10:30,0.9685143,1.165176251
3/1/2020 10:39,0.81472546,1.997122818
3/1/2020 10:49,1.0549703,0.993719804
3/1/2020 10:59,1.0272243,0.97986895
3/1/2020 11:09,1.2560527,0.987252974
3/1/2020 11:19,0.9400769,0.978705157
3/1/2020 11:30,0.9374361,0.998315051
3/1/2020 11:40,0.9017102,3.654065319
3/1/2020 11:49,1.3324577,1.143952034
3/1/2020 11:59,1.2458847,1.010914462
3/1/2020 12:09,0.75158614,1.028804266
3/1/2020 12:19,1.2397437,1.105345586
3/1/2020 12:29,1.0470424,1.096674403
3/1/2020 12:39,1.1355335,0.996492787
3/1/2020 12:50,0.89332634,1.272165545
3/1/2020 13:00,1.0009527,1.147645681
3/1/2020 13:09,0.8381554,1.158422049
3/1/2020 13:19,0.8902389,1.033265969
3/1/2020 13:29,0.94853926,0.986271638
3/1/2020 13:39,0.7243446,0.987581887
3/1/2020 13:49,1.2282878,0.979996189
3/1/2020 14:00,1.054863,1.245008078
3/1/2020 14:10,0.8392477,1.152951997
3/1/2020 14:19,1.272848,1.050751877
3/1/2020 14:29,1.3047397,1.012537965
3/1/2020 14:39,0.960034,0.975812532
3/1/2020 14:49,1.0635493,0.9902622
3/1/2020 14:59,1.1337218,0.985930772
3/1/2020 15:10,1.0431471,0.996266751
3/1/2020 15:20,0.9147261,0.980314727
3/1/2020 15:29,0.9579142,1.021052893
3/1/2020 15:39,1.2561866,1.093245961
3/1/2020 15:49,0.8930165,0.981721206
3/1/2020 15:59,0.75285196,1.10325733
3/1/2020 16:09,1.4604574,0.978317929
3/1/2020 16:20,0.9835564,1.122223539
3/1/2020 16:30,0.6867431,0.985979628
3/1/2020 16:39,0.90845853,0.99152755
3/1/2020 16:49,0.81915224,1.006286689
3/1/2020 16:59,0.9969967,0.994504748
3/1/2020 17:09,0.9549183,0.998124869
3/1/2020 17:19,0.89968926,1.009816232
3/1/2020 17:30,1.0698982,1.002086144
3/1/2020 17:40,1.0404692,1.105644358
3/1/2020 17:49,0.7367533,1.022656099
3/1/2020 17:59,1.0358127,1.001653472
3/1/2020 18:09,0.8202477,0.99796908
3/1/2020 18:19,1.2079321,3.845211984
3/1/2020 18:29,0.9878452,0.996323002
3/1/2020 18:40,0.7703958,1.160792021
3/1/2020 18:50,1.121812,1.107296863
3/1/2020 18:59,1.0329682,0.985049619
3/1/2020 19:09,0.76060086,1.105300349
3/1/2020 19:19,0.6867108,0.987205481
3/1/2020 19:29,1.0144763,1.018613427
3/1/2020 19:39,1.2105156,1.104716595
3/1/2020 19:50,1.174,1.215150666
3/1/2020 20:00,1.3970263,1.156877924
3/1/2020 20:09,1.2376473,1.010219896
3/1/2020 20:19,0.9052723,1.005580326
3/1/2020 20:29,1.0634296,1.030384642
3/1/2020 20:39,0.5941512,1.027603332
3/1/2020 20:49,0.94672215,1.003345381
3/1/2020 21:00,0.81572753,1.140585675
3/1/2020 21:10,0.7463781,1.122590195
3/1/2020 21:19,1.1253556,1.157758332
3/1/2020 21:29,1.5033364,1.110023992
3/1/2020 21:39,1.0757728,1.152110663
3/1/2020 21:49,1.2340568,1.012172372
3/1/2020 21:59,0.90169936,1.0156813
3/1/2020 22:10,1.0923154,1.007937874
3/1/2020 22:20,1.0208374,0.982813939
3/1/2020 22:29,0.9252633,1.148431318
3/1/2020 22:39,0.81588644,1.016624109
3/1/2020 22:49,0.6554028,1.15393176
3/1/2020 22:59,0.92028254,1.014928123
3/1/2020 23:09,0.8495357,1.01606259
3/1/2020 23:20,1.1948684,1.04551337
3/1/2020 23:30,0.9932006,1.073655502
3/1/2020 23:39,0.8752861,1.15004766
3/1/2020 23:49,0.930951,0.996064576
3/1/2020 23:59,1.0729783,1.10558363
3/2/2020 0:09,1.0960504,1.006090083
3/2/2020 0:19,1.2852346,1.014117772
3/2/2020 0:30,1.0104713,1.148618605
3/2/2020 0:40,0.936014,1.147673929
3/2/2020 0:49,1.2869513,1.005981789
3/2/2020 0:59,1.0442663,1.093740673
3/2/2020 1:09,0.7006075,1.018656515
3/2/2020 1:19,0.9453954,0.991936296
3/2/2020 1:30,0.95807064,1.000263633
3/2/2020 1:40,1.0527264,1.166084403
3/2/2020 1:49,0.7430634,1.004333632
3/2/2020 1:59,0.9097365,0.985277651
3/2/2020 2:09,1.0451062,0.991305736
3/2/2020 2:19,0.8804737,0.979423473
3/2/2020 2:29,0.99254256,1.017416136
3/2/2020 2:40,0.8074632,1.013298353
3/2/2020 2:50,0.9905691,0.990706221
3/2/2020 3:00,0.83721,0.979422785
3/2/2020 3:09,1.0528169,1.163449958
3/2/2020 3:19,1.437137,1.259412915
3/2/2020 3:29,0.81992024,1.014357789
3/2/2020 3:39,0.945961,1.001953671
3/2/2020 3:49,1.0381422,1.15004279
3/2/2020 4:00,0.71118265,1.018794605
3/2/2020 4:09,1.1025761,1.01392875
3/2/2020 4:19,0.81031656,0.999604203
3/2/2020 4:29,1.0079665,1.01500266
3/2/2020 4:39,0.69864005,1.015200542
3/2/2020 4:49,0.9507295,1.158272975
3/2/2020 4:59,0.91358876,1.047041652
3/2/2020 5:10,0.7772819,1.166955529
3/2/2020 5:20,0.6169234,1.025553308
3/2/2020 5:29,0.70440334,1.01579396
3/2/2020 5:39,0.92377526,1.003501151
3/2/2020 5:49,0.90646356,1.011340552
3/2/2020 5:59,0.5906609,1.007541751
3/2/2020 6:09,0.8154348,1.010986537
3/2/2020 6:20,1.1959045,1.149164684
3/2/2020 6:30,1.0175974,0.9981928
3/2/2020 6:39,0.8015421,0.997865925
3/2/2020 6:49,1.1986383,0.996872296
3/2/2020 6:59,0.8936299,1.007721263
3/2/2020 7:09,0.7455033,1.03032487
3/2/2020 7:19,0.9881119,1.014453142
3/2/2020 7:30,0.9995868,0.991895696
3/2/2020 7:40,1.1269356,1.046859808
3/2/2020 7:49,0.5493636,1.016964589
3/2/2020 7:59,1.4108461,1.15948061
3/2/2020 8:09,1.0200295,0.981374361
3/2/2020 8:19,1.0308777,1.14292652
3/2/2020 8:29,0.94482076,0.996591432
3/2/2020 8:40,0.8330878,1.00008628
3/2/2020 8:50,1.0101943,1.042823694
3/2/2020 8:59,1.1445742,1.022138148
3/2/2020 9:09,0.759671,1.108173243
3/2/2020 9:19,1.2972757,0.982796548
3/2/2020 9:29,1.0411421,1.103382804
3/2/2020 9:39,1.3055307,1.047947814
3/2/2020 9:50,1.0844809,1.033448845
3/2/2020 10:00,0.7461425,1.006850099
3/2/2020 10:09,0.8126674,1.00545349
3/2/2020 10:19,0.9792564,1.014087443
3/2/2020 10:29,0.9296774,1.037554435
3/2/2020 10:39,0.654525,0.995720906
3/2/2020 10:49,1.2292619,1.122638342
3/2/2020 11:00,0.90319824,1.138058733
3/2/2020 11:10,1.1714132,1.000237174
3/2/2020 11:19,1.0339648,1.001583432
3/2/2020 11:29,1.0726691,1.036122029
3/2/2020 11:39,1.2028693,1.008280852
3/2/2020 11:49,0.99696314,0.99378945
3/2/2020 11:59,1.18927,1.13779103
3/2/2020 12:09,0.96186674,1.010406423
3/2/2020 12:20,1.7313787,1.007735482
3/2/2020 12:30,0.6370197,0.990248047
3/2/2020 12:39,0.7016332,1.355005791
3/2/2020 12:49,1.3166288,0.997624216
3/2/2020 12:59,0.97629744,1.162743586
3/2/2020 13:09,0.7616041,1.028107435
3/2/2020 13:19,0.98778063,1.164892015
3/2/2020 13:30,0.992365,1.003640961
3/2/2020 13:40,0.7571065,1.000464392
3/2/2020 13:49,0.6598184,1.01317062
3/2/2020 13:59,1.1280435,1.140568169
3/2/2020 14:09,1.3969647,1.012426872
3/2/2020 14:19,0.9718091,1.019121775
3/2/2020 14:29,1.3029845,1.014684434
3/2/2020 14:40,0.75931597,0.991177137
3/2/2020 14:50,1.2657357,1.121696574
3/2/2020 14:59,1.2166108,1.018451861
3/2/2020 15:09,0.96564543,0.985156167
3/2/2020 15:19,1.366691,1.119112008
3/2/2020 15:29,0.9689988,1.01155261
3/2/2020 15:39,0.84965175,1.104990119
3/2/2020 15:50,1.0090678,1.019179272
3/2/2020 16:00,0.82827234,0.992596262
3/2/2020 16:09,0.87253016,1.114915061
3/2/2020 16:19,0.7275792,1.00579967
3/2/2020 16:29,0.7065423,1.018055389
3/2/2020 16:39,0.6445901,0.999871655
3/2/2020 16:49,1.2046968,1.107613499
3/2/2020 17:00,0.8488154,1.132913714
3/2/2020 17:10,1.3296446,1.040808975
3/2/2020 17:19,0.6920813,1.006704742
3/2/2020 17:29,0.89011973,1.154624557
3/2/2020 17:39,0.9182122,1.019180376
3/2/2020 17:49,0.67150396,0.998735257
3/2/2020 17:59,1.2197328,1.045586799
3/2/2020 18:10,0.76840293,1.12379648
3/2/2020 18:20,0.8373638,1.050175847
3/2/2020 18:29,0.98473805,1.012635048
3/2/2020 18:39,1.1075714,1.025747223
3/2/2020 18:49,1.0451975,1.018632794
3/2/2020 18:59,0.95121056,2.021903967
3/2/2020 19:09,0.744811,1.119880172
3/2/2020 19:20,0.8369758,1.094241046
3/2/2020 19:30,0.93321663,1.01743806
3/2/2020 19:39,1.1079773,0.99988925
3/2/2020 19:49,1.1575768,1.030252558
3/2/2020 19:59,0.8166401,1.053403135
3/2/2020 20:09,0.79831356,1.028250314
3/2/2020 20:19,0.9874305,1.13815926
3/2/2020 20:30,1.1237582,1.031725506
3/2/2020 20:40,1.7327696,1.005433525
3/2/2020 20:49,0.7261143,1.125732245
3/2/2020 20:59,1.1274569,1.03841138
3/2/2020 21:09,1.1972569,1.123359496
3/2/2020 21:19,0.92039895,1.014080814
3/2/2020 21:29,0.8748658,1.023149727
3/2/2020 21:40,0.8458146,1.005384394
3/2/2020 21:50,0.6463704,1.169720245
3/2/2020 21:59,0.86050147,1.020172309
3/2/2020 22:09,1.0509938,1.142009552
3/2/2020 22:19,15.58334,13.05744566
3/2/2020 22:29,1.069648,1.413519264
3/2/2020 22:39,1.1241267,1.034124273
3/2/2020 22:50,0.96027505,1.088569316
3/2/2020 23:00,0.8836576,1.124436763
3/2/2020 23:09,0.56650525,1.048057557
3/2/2020 23:19,0.7177014,1.050616076
3/2/2020 23:29,1.1339035,1.099998895
3/2/2020 23:39,0.9909854,1.266178748
3/2/2020 23:49,2.0103762,1.222996876
3/3/2020 0:00,35.88102,17.77332051
3/3/2020 0:10,0.8494514,1.064221514
3/3/2020 0:19,0.84893054,1.645904513
3/3/2020 0:29,18.315,4.469844853
3/3/2020 0:39,38.514755,29.50265416
3/3/2020 0:49,0.92663723,4.105616055
3/3/2020 0:59,0.6985773,5.774383231
3/3/2020 1:10,0.69300514,8.228073525
3/3/2020 1:20,0.73411745,5.845193325
3/3/2020 1:29,0.69340736,6.252942639
3/3/2020 1:39,1.0797541,6.236449718
3/3/2020 1:49,0.8026502,6.269765216
3/3/2020 1:59,0.9015038,1.597039049
3/3/2020 2:09,0.7560709,3.822630338
3/3/2020 2:20,1.1690081,3.807425004
3/3/2020 2:30,0.5689837,4.09754374
3/3/2020 2:39,0.7481914,1.524546216
3/3/2020 2:49,0.75383997,4.288017615
3/3/2020 2:59,0.90232015,1.520999875
3/3/2020 3:09,0.65051854,1.884279736
3/3/2020 3:19,0.5068208,1.54698351
3/3/2020 3:30,1.0750319,1.596606475
3/3/2020 3:40,1.0092721,1.107357846
3/3/2020 3:49,0.66727126,1.114362986
3/3/2020 3:59,1.5166526,1.108655479
3/3/2020 4:09,1.1231414,1.070045041
3/3/2020 4:19,0.8667981,1.046578367
3/3/2020 4:29,1.2352878,1.113111427
3/3/2020 4:40,0.84006417,1.034153338
3/3/2020 4:50,0.9135409,1.052422322
3/3/2020 4:59,1.065541,1.084652106
3/3/2020 5:09,0.87966764,1.038296192
3/3/2020 5:19,0.7040864,1.041354204
3/3/2020 5:29,1.2457517,1.051393796
3/3/2020 5:39,0.7982565,1.09559262
3/3/2020 5:50,1.2953712,1.108389524
3/3/2020 6:00,1.059697,1.127690777
3/3/2020 6:09,1.0788945,1.044880785
3/3/2020 6:19,0.7896576,1.080244363
3/3/2020 6:29,0.9909089,1.214490138
3/3/2020 6:39,0.87459946,1.093395896
3/3/2020 6:49,0.46873626,1.028235718
3/3/2020 7:00,0.57007056,1.017093444
3/3/2020 7:10,0.87257284,1.133457594
3/3/2020 7:20,1.0892929,1.003467191
3/3/2020 7:29,1.0307374,1.110551511
3/3/2020 7:39,0.9163956,1.07314985
3/3/2020 7:49,0.94038284,1.531386073
3/3/2020 7:59,0.8146658,1.113807386
3/3/2020 8:10,0.81878626,1.002248875
3/3/2020 8:20,1.3104885,1.327123814
3/3/2020 8:30,1.1706574,1.034699959
3/3/2020 8:39,0.9728609,1.052032993
3/3/2020 8:49,1.0593463,1.04394707
3/3/2020 8:59,1.5184612,1.001185909
3/3/2020 9:09,0.6813632,1.004001669
3/3/2020 9:20,1.0497208,1.02425523
3/3/2020 9:30,0.62816244,1.017390514
3/3/2020 9:40,1.1129998,1.004994156
3/3/2020 9:49,0.93157655,1.035555411
3/3/2020 9:59,1.2021954,1.051608937
3/3/2020 10:09,1.1255758,1.293949038
3/3/2020 10:19,0.86684865,1.039312669
3/3/2020 10:29,0.9160328,1.115660382
3/3/2020 10:40,0.5863219,1.023731271
3/3/2020 10:50,0.7397507,1.004406168
3/3/2020 10:59,0.89195347,0.994998753
3/3/2020 11:09,1.2728064,1.055697912
3/3/2020 11:19,0.9114434,1.015408096
3/3/2020 11:29,0.9223138,1.122473737
3/3/2020 11:39,0.61564434,1.108237678
3/3/2020 11:50,1.0309335,1.00821456
3/3/2020 12:00,0.95081884,1.022096217
3/3/2020 12:09,0.9931793,1.002212548
3/3/2020 12:19,0.7820329,0.996658079
3/3/2020 12:29,0.8751254,1.048221455
3/3/2020 12:39,1.1668864,1.470125802
3/3/2020 12:49,1.19748,1.344493308
3/3/2020 13:00,1.4078023,0.996088032
3/3/2020 13:10,0.89480364,0.987935481
3/3/2020 13:19,1.1310945,1.041964611
3/3/2020 13:29,0.96981186,1.040895737
3/3/2020 13:39,1.3040526,1.041635793
3/3/2020 13:49,1.0824147,1.076358621
3/3/2020 13:59,0.83360016,1.021504222
3/3/2020 14:10,1.1500531,1.024714435
3/3/2020 14:20,0.8359049,1.018179129
3/3/2020 14:29,1.2709066,1.025633684
3/3/2020 14:39,2.1059306,1.119717299
3/3/2020 14:49,1.1499926,1.00135513
3/3/2020 14:59,0.7736629,1.031869698
3/3/2020 15:10,0.80551785,1.031934645
3/3/2020 15:20,0.9261224,1.043723615
3/3/2020 15:30,1.045945,1.000653061
3/3/2020 15:39,0.55627775,1.083980509
3/3/2020 15:49,0.5456492,1.019649534
3/3/2020 15:59,0.85339457,1.003800045
3/3/2020 16:09,0.8716411,1.010135303
3/3/2020 16:20,0.78733003,1.000992171
3/3/2020 16:30,1.032785,1.015349075
3/3/2020 16:39,1.3169005,1.038439277
3/3/2020 16:49,1.0890005,1.040844817
3/3/2020 16:59,0.7860444,1.154446096
3/3/2020 17:09,1.3607767,1.138750841
3/3/2020 17:19,0.81667256,1.017099633
3/3/2020 17:30,0.8729298,1.018489027
3/3/2020 17:40,1.3784792,1.007868776
3/3/2020 17:49,0.9694158,1.023533862
3/3/2020 17:59,0.69131345,1.015782724
3/3/2020 18:09,0.9212749,1.010355441
3/3/2020 18:19,0.7703475,1.022681836
3/3/2020 18:29,1.1355785,1.029555893
3/3/2020 18:40,1.0762508,1.017542
3/3/2020 18:50,0.9799031,1.13770504
3/3/2020 18:59,0.6763853,1.017969008
3/3/2020 19:09,1.0796728,1.018024076
3/3/2020 19:19,0.6523455,1.058725911
3/3/2020 19:29,0.68818617,1.019092683
3/3/2020 19:39,0.85999787,1.046493353
3/3/2020 19:50,0.6755957,1.038244605
3/3/2020 20:00,0.581476,1.059085856
3/3/2020 20:09,0.9994658,1.029376997
3/3/2020 20:19,0.7721057,1.10529885
3/3/2020 20:29,0.7510767,4.069136718
3/3/2020 20:39,0.41283205,1.278358741
3/3/2020 20:49,1.2024051,1.094670461
3/3/2020 21:00,0.8751114,1.185681066
3/3/2020 21:10,1.2158909,1.039464199
3/3/2020 21:19,0.9788048,1.328697567
3/3/2020 21:29,0.65284705,1.025162696
3/3/2020 21:39,1.141625,1.028651774
3/3/2020 21:49,1.0200636,1.035540468
3/3/2020 21:59,0.9636741,1.034998914
3/3/2020 22:10,0.8171753,1.153349901
3/3/2020 22:20,0.8664551,1.126363039
3/3/2020 22:29,19.222832,11.26475624
3/3/2020 22:39,37.819878,24.98651307
3/3/2020 22:49,21.33217,17.15615844
3/3/2020 22:59,0.8943641,1.094295034
3/3/2020 23:09,1.016704,1.043782974
3/3/2020 23:20,0.9633461,4.082164703
3/3/2020 23:30,0.8931143,1.044490491
3/3/2020 23:40,0.6607991,1.121117692
3/3/2020 23:49,0.941014,1.071038588
3/3/2020 23:59,0.89518195,1.049015386
3/4/2020 0:09,0.6857519,1.277787852
3/4/2020 0:19,47.61867,23.20320104
3/4/2020 0:30,38.714706,11.93843689
3/4/2020 0:40,0.9682515,5.888138673
3/4/2020 0:50,0.72945404,3.759770973
3/4/2020 0:59,1.2129312,1.531445786
3/4/2020 1:09,0.89926714,1.530428842
3/4/2020 1:19,0.814204,3.772718077
3/4/2020 1:29,0.99218005,3.839719216
3/4/2020 1:40,0.7530292,3.811405951
3/4/2020 1:50,0.8989684,3.713615811
3/4/2020 2:00,1.0429254,2.962224803
3/4/2020 2:09,0.80665785,4.145865109
3/4/2020 2:19,0.7862214,3.196831519
3/4/2020 2:29,1.0950453,1.55333018
3/4/2020 2:39,0.6821475,1.976714206
3/4/2020 2:50,0.75481623,1.503254752
3/4/2020 3:00,0.9194544,1.054194447
3/4/2020 3:10,1.3950282,1.14118524
3/4/2020 3:19,1.0934522,1.125476125
3/4/2020 3:29,1.0961418,1.067205291
3/4/2020 3:39,0.8911683,1.070139122
3/4/2020 3:49,0.9288459,1.127789381
3/4/2020 4:00,0.6360483,1.503747374
3/4/2020 4:10,1.0782257,1.118418713
3/4/2020 4:20,0.68373114,1.139631529
3/4/2020 4:29,0.7307537,1.028139652
3/4/2020 4:39,1.2877526,1.097211058
3/4/2020 4:49,0.70482254,1.043820535
3/4/2020 4:59,0.6837681,1.088968095
3/4/2020 5:09,0.8879325,1.161678911
3/4/2020 5:20,0.6188302,1.093544118
3/4/2020 5:30,0.71877724,1.207353002
3/4/2020 5:39,0.74887234,1.027709708
3/4/2020 5:49,1.0029255,1.108396724
3/4/2020 5:59,0.59637445,1.04749463
3/4/2020 6:09,0.82336557,1.098324384
3/4/2020 6:19,1.1659248,1.131868919
3/4/2020 6:30,0.9834998,1.008297416
3/4/2020 6:40,1.0269499,1.164732484
3/4/2020 6:49,0.84190124,1.005362294
3/4/2020 6:59,0.87195426,1.009667823
3/4/2020 7:09,0.735751,1.117998339
3/4/2020 7:19,0.98486567,1.018638676
3/4/2020 7:30,0.7547162,1.034899617
3/4/2020 7:40,0.89667153,1.03388784
3/4/2020 7:50,0.7286719,0.985836724
3/4/2020 7:59,0.88671744,1.120977756
3/4/2020 8:09,0.9997114,0.993282165
3/4/2020 8:19,0.99219304,1.039892892
3/4/2020 8:29,0.92140424,1.001876278
3/4/2020 8:40,0.98324466,1.014181807
3/4/2020 8:50,1.0531476,1.045706854
3/4/2020 9:00,1.0388172,1.043345296
3/4/2020 9:09,1.2217133,1.000329854
3/4/2020 9:19,0.6244443,1.015928919
3/4/2020 9:29,0.74099296,1.019737902
3/4/2020 9:39,1.1508944,1.132512325
3/4/2020 9:50,1.0894814,1.010162764
3/4/2020 10:00,0.7872319,1.213068814
3/4/2020 10:10,1.0470566,1.01657762
3/4/2020 10:19,0.7692012,0.999593991
3/4/2020 10:29,0.9218288,1.011719244
3/4/2020 10:39,0.8211162,1.010548534
3/4/2020 10:49,0.7904642,1.001566996
3/4/2020 10:59,1.0902436,1.150789696
3/4/2020 11:10,1.0256017,1.013396844
3/4/2020 11:20,0.9910743,1.106045551
3/4/2020 11:29,0.6790533,1.300854603
3/4/2020 11:39,1.3536752,0.995338141
3/4/2020 11:49,1.4591532,0.996157349
3/4/2020 11:59,0.75337213,1.036807187
3/4/2020 12:09,1.0803823,0.994284429
3/4/2020 12:20,0.7485711,0.996633566
3/4/2020 12:30,0.7055937,1.009847694
3/4/2020 12:40,0.8801287,1.014619273
3/4/2020 12:49,1.1082804,1.022853437
3/4/2020 12:59,1.1730198,1.013653197
3/4/2020 13:09,1.0844927,1.006462149
3/4/2020 13:19,1.1525745,1.165581738
3/4/2020 13:30,0.96482044,0.985672391
3/4/2020 13:40,0.93147874,4.202939392
3/4/2020 13:50,0.9520479,1.013569445
3/4/2020 13:59,0.7711162,0.9996411
3/4/2020 14:09,0.99969923,1.015291481
3/4/2020 14:19,0.5150535,1.19186134
3/4/2020 14:29,0.8747042,1.023776131
3/4/2020 14:40,0.79461855,1.015016536
3/4/2020 14:50,0.89477354,1.019313348
3/4/2020 15:00,0.7615768,1.009951245
3/4/2020 15:09,0.7120397,1.014487803
3/4/2020 15:19,0.8419192,1.106775619
3/4/2020 15:29,0.8407792,0.99448925
3/4/2020 15:39,1.3205696,1.020716035
3/4/2020 15:50,0.8732204,1.016492957
3/4/2020 16:00,0.9411816,1.015538392
3/4/2020 16:10,0.86182296,0.996529057
3/4/2020 16:19,0.56667554,1.039253489
3/4/2020 16:29,0.76327646,1.034158937
3/4/2020 16:39,0.9765775,1.112380444
3/4/2020 16:49,1.1167145,1.047096568
3/4/2020 17:00,1.1460576,1.114366553
3/4/2020 17:10,0.82145935,1.017453843
3/4/2020 17:20,0.5449797,1.018207054
3/4/2020 17:29,0.6171442,1.110739848
3/4/2020 17:39,0.76576334,1.104491561
3/4/2020 17:49,1.0204101,1.025662084
3/4/2020 17:59,0.94892496,1.051224036
3/4/2020 18:10,0.6475663,1.002393844
3/4/2020 18:20,0.9968005,1.106666153
3/4/2020 18:30,1.4496336,0.997236033
3/4/2020 18:39,0.977905,1.004658966
3/4/2020 18:49,0.9986184,1.028635679
3/4/2020 18:59,0.9180772,1.128113561
3/4/2020 19:09,0.6884013,1.131897121
3/4/2020 19:20,0.99875236,1.000745285
3/4/2020 19:30,0.87643564,1.050546575
3/4/2020 19:40,0.746437,1.017914365
3/4/2020 19:49,1.1072809,1.053496969
3/4/2020 19:59,0.9694286,1.298080481
3/4/2020 20:09,1.0998516,1.026816471
3/4/2020 20:19,1.3405284,1.002867922
3/4/2020 20:30,0.94937277,1.031807813
3/4/2020 20:40,0.91299856,1.026094603
3/4/2020 20:50,0.8319724,1.034044974
3/4/2020 20:59,0.9265049,1.027390427
3/4/2020 21:09,1.0203412,1.120817971
3/4/2020 21:19,0.86051875,1.080680289
3/4/2020 21:29,0.8889847,1.015805053
3/4/2020 21:40,0.8357647,1.11536345
3/4/2020 21:50,0.68987226,0.999619705
3/4/2020 22:00,0.8514241,1.138914058
3/4/2020 22:09,1.0172086,1.439058073
3/4/2020 22:19,0.7350855,1.034554968
3/4/2020 22:29,0.6225895,1.037910164
3/4/2020 22:39,0.95076823,1.029765089
3/4/2020 22:50,1.1806375,1.422608527
3/4/2020 23:00,0.8725618,1.027894161
3/4/2020 23:09,0.8306941,1.023307727
3/4/2020 23:19,0.6900546,1.012877028
3/4/2020 23:29,0.82654387,1.030273689
3/4/2020 23:39,0.84751904,1.059006422
3/4/2020 23:49,1.0398035,1.019897776
3/5/2020 0:00,1.0057046,1.020807163
3/5/2020 0:10,1.8926196,1.036792097
3/5/2020 0:20,0.7861061,1.018301988
3/5/2020 0:29,0.833585,1.056592135
3/5/2020 0:39,0.69538486,1.131838087
3/5/2020 0:49,0.8709927,1.03240406
3/5/2020 0:59,0.8623426,1.134794276
3/5/2020 1:10,1.312756,1.031209898
3/5/2020 1:20,1.2806239,1.034160159
3/5/2020 1:30,0.96689725,1.020591091
3/5/2020 1:39,0.9987335,1.102884256
3/5/2020 1:49,0.83778334,1.016221798
3/5/2020 1:59,0.9361292,1.314687069
3/5/2020 2:09,1.2395505,1.064621416
3/5/2020 2:20,1.0128181,1.028390086
3/5/2020 2:30,0.88276184,1.126686144
3/5/2020 2:40,0.8987031,1.099371218
3/5/2020 2:49,0.96201,1.014678679
3/5/2020 2:59,1.3936133,1.187445745
3/5/2020 3:09,0.9195833,1.006463671
3/5/2020 3:19,1.0078219,1.038357834
3/5/2020 3:30,0.98205084,1.028121491
3/5/2020 3:40,0.7815957,1.1345356
3/5/2020 3:50,0.8099829,1.056823246
3/5/2020 3:59,0.48861894,1.02935894
3/5/2020 4:09,1.0780501,1.030477411
3/5/2020 4:19,0.8963824,1.017969095
3/5/2020 4:29,0.8927753,0.998012313
3/5/2020 4:40,0.63416904,1.030747574
3/5/2020 4:50,1.388142,1.029801412
3/5/2020 4:59,1.0408983,1.006918951
3/5/2020 5:09,0.762121,1.019780253
3/5/2020 5:19,0.81608605,1.022946154
3/5/2020 5:29,0.9148402,1.027853345
3/5/2020 5:39,1.3749694,1.01483927
3/5/2020 5:50,0.7639104,1.025926361
3/5/2020 6:00,0.6242977,1.000362431
3/5/2020 6:10,0.7772594,1.034883219
3/5/2020 6:19,0.80419016,1.021456377
3/5/2020 6:29,0.92303914,1.123273646
3/5/2020 6:39,1.0377967,1.115338615
3/5/2020 6:49,0.8061821,1.013066743
3/5/2020 7:00,1.0577538,1.023788514
3/5/2020 7:10,0.80057853,1.321800744
3/5/2020 7:20,0.91869026,1.009469492
3/5/2020 7:29,0.9754978,0.999632537
3/5/2020 7:39,0.71892273,1.01143412
3/5/2020 7:49,1.6083685,1.033505568
3/5/2020 7:59,1.3719225,1.020202749
3/5/2020 8:10,0.9365888,0.998495121
3/5/2020 8:20,0.9733513,1.066039546
3/5/2020 8:30,1.1178846,1.014118273
3/5/2020 8:39,1.0139415,0.997735889
3/5/2020 8:49,0.77420914,1.114093356
3/5/2020 8:59,0.96565247,1.108778414
3/5/2020 9:09,0.967421,0.987181113
3/5/2020 9:20,0.5796174,0.995446726
3/5/2020 9:30,0.8837818,1.007182378
3/5/2020 9:40,0.7726609,1.033174039
3/5/2020 9:49,1.1061445,1.03792353
3/5/2020 9:59,0.5671398,1.168994131
3/5/2020 10:09,1.223762,1.039492627
3/5/2020 10:19,1.0456918,0.99774209
3/5/2020 10:29,0.9529764,3.819168745
3/5/2020 10:40,1.0731915,3.861345838
3/5/2020 10:50,0.689242,1.067416861
3/5/2020 11:00,0.79245716,1.02303843
3/5/2020 11:09,0.9476178,1.173549704
3/5/2020 11:19,0.82732165,1.000686019
3/5/2020 11:29,0.9246497,1.131097203
3/5/2020 11:39,0.7476617,1.18578701
3/5/2020 11:50,0.9123603,1.017999535
3/5/2020 12:00,0.9898813,0.999722428
3/5/2020 12:10,0.6074201,1.009704369
3/5/2020 12:19,1.0554949,1.074441059
3/5/2020 12:29,1.478848,1.021984949
3/5/2020 12:39,1.0902841,1.146968365
3/5/2020 12:49,0.54049075,1.119591492
3/5/2020 13:00,1.5011609,1.064309266
3/5/2020 13:10,0.7851423,1.005919196
3/5/2020 13:20,0.74964535,0.994659044
3/5/2020 13:29,0.7616975,1.06268895
3/5/2020 13:39,0.8866574,1.028534482
3/5/2020 13:49,1.0595772,0.995492303
3/5/2020 13:59,0.9969393,1.006930674
3/5/2020 14:10,1.2115736,1.027702265
3/5/2020 14:20,1.3282827,1.164976434
3/5/2020 14:30,0.9920902,1.00712312
3/5/2020 14:39,1.2854517,1.236063486
3/5/2020 14:49,0.8940456,1.300113936
3/5/2020 14:59,0.9374289,1.076490235
3/5/2020 15:09,16.829222,10.74092898
3/5/2020 15:20,1.017298,1.043288934
3/5/2020 15:30,1.133182,1.012097283
3/5/2020 15:40,1.190123,1.083018523
3/5/2020 15:49,1.012903,1.03378641
3/5/2020 15:59,22.296465,4.736681193
3/5/2020 16:09,23.96277,17.52172354
3/5/2020 16:19,0.77670336,1.034516218
3/5/2020 16:30,1.1107628,1.07765302
3/5/2020 16:40,1.2795099,1.145115704
3/5/2020 16:50,0.65226173,1.083428642
3/5/2020 16:59,0.6054493,1.029892436
3/5/2020 17:09,0.697891,1.028057319
3/5/2020 17:19,1.0336223,1.062745448
3/5/2020 17:29,0.9021605,1.035286618
3/5/2020 17:40,0.9127568,1.04560848
3/5/2020 17:50,0.5777528,1.41389709
3/5/2020 18:00,1.1122743,1.176600558
3/5/2020 18:09,0.90126777,1.028040278
3/5/2020 18:19,0.89953053,1.035913115
3/5/2020 18:29,1.4087008,1.322000124
3/5/2020 18:39,0.98119324,1.033903871
3/5/2020 18:50,0.9079916,1.012945411
3/5/2020 19:00,0.96218,1.050247033
3/5/2020 19:10,0.933689,1.030753558
3/5/2020 19:19,1.1842048,1.219801997
3/5/2020 19:29,0.89016706,1.035144837
3/5/2020 19:39,0.84359634,1.279691998
3/5/2020 19:49,0.70680624,1.051800739
3/5/2020 20:00,0.6896734,1.036278169
3/5/2020 20:10,1.3580949,1.840385255
3/5/2020 20:20,0.8360007,1.092936326
3/5/2020 20:29,0.9711994,1.031862234
3/5/2020 20:39,1.4075092,1.012640766
3/5/2020 20:49,0.58094144,1.029458258
3/5/2020 20:59,0.96939296,1.049358409
3/5/2020 21:10,1.122111,1.034688749
3/5/2020 21:20,1.1545388,1.033060218
3/5/2020 21:30,0.7192522,1.10149071
3/5/2020 21:39,0.9657887,1.073366042
3/5/2020 21:49,1.1110967,1.343976622
3/5/2020 21:59,0.5050367,1.340234259
3/5/2020 22:09,0.99361765,1.030329727
3/5/2020 22:20,1.2197915,1.030590488
3/5/2020 22:30,0.8703549,1.045173717
3/5/2020 22:40,0.90614647,1.270455703
3/5/2020 22:50,0.6772458,1.026859656
3/5/2020 22:59,1.244649,1.068317157
3/5/2020 23:09,1.255758,1.208594663
3/5/2020 23:19,0.66949254,1.048057718
3/5/2020 23:30,1.2695932,1.097426584
3/5/2020 23:40,1.003885,1.028349941
3/5/2020 23:50,0.73517746,1.588568528
3/6/2020 0:00,0.70211905,1.507016837
3/6/2020 0:09,1.383978,1.528969074
3/6/2020 0:19,0.8370165,1.160811643
3/6/2020 0:29,0.9087294,1.172493909
3/6/2020 0:39,0.51014364,1.01169553
3/6/2020 0:50,0.8634494,1.042620072
3/6/2020 1:00,1.3162066,1.066771998
3/6/2020 1:10,0.6888975,1.113645189
3/6/2020 1:19,0.92701423,1.06513787
3/6/2020 1:29,1.2821712,1.047004929
3/6/2020 1:39,1.3152821,1.636615875
3/6/2020 1:50,1.0139027,1.109033666
3/6/2020 2:00,0.69707155,1.330934694
3/6/2020 2:10,1.1457889,1.052444967
3/6/2020 2:20,0.9532173,1.111426794
3/6/2020 2:29,0.6065587,1.027194772
3/6/2020 2:39,0.9506891,1.107003981
3/6/2020 2:49,0.7506306,1.030239109
3/6/2020 3:00,0.71680295,1.096994917
3/6/2020 3:10,0.79669166,1.044007406
3/6/2020 3:20,0.805202,1.124886251
3/6/2020 3:30,0.67339957,1.124857082
3/6/2020 3:39,1.0096673,1.024338181
3/6/2020 3:49,1.042649,1.130172648
3/6/2020 3:59,0.6789303,1.059811401
3/6/2020 4:10,1.3298403,1.035666198
3/6/2020 4:20,0.77968675,1.036501332
3/6/2020 4:30,1.1673678,1.034100079
3/6/2020 4:40,0.9133088,1.13218275
3/6/2020 4:49,0.71810764,1.028974467
3/6/2020 4:59,0.7099663,1.128364411
3/6/2020 5:09,0.7389225,1.025903905
3/6/2020 5:20,0.80751944,1.034623751
3/6/2020 5:30,0.77191186,1.052412504
3/6/2020 5:40,1.1576355,1.019066243
3/6/2020 5:50,0.8985772,1.062680869
3/6/2020 5:59,0.9598463,1.032736172
3/6/2020 6:09,0.88582075,1.023553613
3/6/2020 6:19,0.83567107,1.107100764
3/6/2020 6:30,0.5900412,1.040983857
3/6/2020 6:40,1.1552334,1.069162596
3/6/2020 6:50,0.9108562,1.034423399
3/6/2020 6:59,0.6323654,1.146314371
3/6/2020 7:09,0.61909163,1.00795611
3/6/2020 7:19,0.71794504,1.005715828
3/6/2020 7:29,0.93172085,1.015703247
3/6/2020 7:40,0.7821863,1.015395996
3/6/2020 7:50,1.3205298,1.220031285
3/6/2020 8:00,1.06005,1.124079057
3/6/2020 8:10,0.9290823,1.122380386
3/6/2020 8:19,0.7933768,1.12564589
3/6/2020 8:29,0.9966742,1.021667951
3/6/2020 8:39,0.9826433,1.124180468
3/6/2020 8:50,0.69454944,1.10866589
3/6/2020 9:00,0.76371014,1.037595745
3/6/2020 9:10,0.71542335,1.01651047
3/6/2020 9:20,1.1182986,1.100060519
3/6/2020 9:29,0.7513267,1.108751438
3/6/2020 9:39,0.97241366,1.00504374
3/6/2020 9:49,0.9143822,1.104342376
3/6/2020 10:00,0.9082913,1.023617056
3/6/2020 10:10,1.0122693,1.163801882
3/6/2020 10:20,0.75082725,1.113381856
3/6/2020 10:29,1.4675807,1.009643682
3/6/2020 10:39,1.0546408,1.012549561
3/6/2020 10:49,1.024718,1.17076312
3/6/2020 10:59,1.2555654,1.039819857
3/6/2020 11:10,1.5739585,1.014686177
3/6/2020 11:20,0.9870736,1.04739092
3/6/2020 11:30,0.9551164,1.116708882
3/6/2020 11:40,0.8364323,1.022477176
3/6/2020 11:49,1.0262549,1.086954442
3/6/2020 11:59,1.0748265,1.120089345
3/6/2020 12:09,0.6596417,1.041596371
3/6/2020 12:20,0.8008182,1.174203193
3/6/2020 12:30,0.94365203,1.16849765
3/6/2020 12:40,0.780141,1.018856967
3/6/2020 12:50,1.172129,3.756967575
3/6/2020 12:59,1.066213,1.02726758
3/6/2020 13:09,1.0809431,1.029532258
3/6/2020 13:19,1.1742129,3.878101548
3/6/2020 13:30,0.7891,1.043872459
3/6/2020 13:40,0.948533,1.072851263
3/6/2020 13:50,1.0014706,1.166324011
3/6/2020 14:00,1.0927417,1.008292812
3/6/2020 14:09,1.059511,1.148453729
3/6/2020 14:19,0.74560356,1.005382632
3/6/2020 14:29,0.8688064,1.026734962
3/6/2020 14:40,1.0046458,1.204698171
3/6/2020 14:50,0.98238987,1.03435815
3/6/2020 15:00,0.80196524,1.124885415
3/6/2020 15:10,1.0691761,1.011436156
3/6/2020 15:19,1.0048754,1.038197206
3/6/2020 15:29,0.70990205,1.133147904
3/6/2020 15:39,1.0539635,1.021919772
3/6/2020 15:50,1.0943893,1.260573877
3/6/2020 16:00,1.1194817,1.014124416
3/6/2020 16:10,0.8333995,1.032460833
3/6/2020 16:20,1.1564105,1.243980915
3/6/2020 16:29,0.72314006,0.993667607
3/6/2020 16:39,0.9700096,1.008899413
3/6/2020 16:49,0.9753065,1.053438578
3/6/2020 17:00,0.7868375,1.228352347
3/6/2020 17:10,0.74448866,1.027123024
3/6/2020 17:20,1.0681387,1.001985605
3/6/2020 17:30,0.75470394,1.023428868
3/6/2020 17:39,1.0152069,1.013631664
3/6/2020 17:49,0.65668327,1.018440685
3/6/2020 17:59,0.9138806,1.11977578
3/6/2020 18:10,39.80742,11.62390855
3/6/2020 18:20,34.19146,32.40083713
3/6/2020 18:30,0.94348484,1.127203402
3/6/2020 18:40,0.80801207,1.02884354
3/6/2020 18:49,0.65082437,1.038873206
3/6/2020 18:59,0.9401132,1.056472563
3/6/2020 19:09,0.8856063,1.060345429
3/6/2020 19:20,0.6096398,1.033596351
3/6/2020 19:29,0.6351249,1.0605691
3/6/2020 19:39,0.80391437,1.052517893
3/6/2020 19:49,0.9528574,1.068795498
3/6/2020 20:00,0.70980734,1.100990269
3/6/2020 20:10,0.8714304,1.11314769
3/6/2020 20:20,0.60357237,1.062609627
3/6/2020 20:30,0.64505345,1.112296784
3/6/2020 20:39,0.5360265,1.048121975
3/6/2020 20:49,0.6252994,1.026653239
3/6/2020 20:59,0.82066435,1.201915858
3/6/2020 21:10,0.69462776,1.070493408
3/6/2020 21:20,0.86060333,1.204299866
3/6/2020 21:30,0.66080385,1.055359102
3/6/2020 21:39,0.86719346,1.067015316
3/6/2020 21:49,1.0726196,1.24296917
3/6/2020 21:59,1.1307414,1.132706853
3/6/2020 22:09,1.0497911,1.145873024
3/6/2020 22:20,0.7345209,1.034476122
3/6/2020 22:30,0.8909248,1.035390851
3/6/2020 22:40,0.631355,1.056503506
3/6/2020 22:49,0.737884,1.035761221
3/6/2020 22:59,0.8574128,1.031395306
3/6/2020 23:09,0.8195008,1.024431211
3/6/2020 23:20,0.98765236,1.062669931
3/6/2020 23:30,0.87779,1.033388427
3/6/2020 23:40,0.6320103,1.308838817
3/6/2020 23:50,1.2534066,1.132237192
3/6/2020 23:59,0.7189438,1.131196106
3/7/2020 0:09,1.2248813,1.144774843
3/7/2020 0:19,1.0143812,1.029410509
3/7/2020 0:30,1.1132027,1.016706472
3/7/2020 0:40,0.93337524,1.035750628
3/7/2020 0:50,0.85916466,1.024091508
3/7/2020 0:59,0.81153524,1.149335362
3/7/2020 1:09,0.49868494,1.03241804
3/7/2020 1:19,1.0160353,1.026989739
3/7/2020 1:30,0.4415165,1.149167798
3/7/2020 1:40,0.791781,1.029928641
3/7/2020 1:50,1.057368,1.169276368
3/7/2020 1:59,0.87522805,1.035160382
3/7/2020 2:09,0.86778694,1.126884646
3/7/2020 2:19,1.0001695,1.024884807
3/7/2020 2:30,1.1311074,1.113167167
3/7/2020 2:40,0.8597657,1.330375212
3/7/2020 2:50,0.6941473,1.039377166
3/7/2020 3:00,0.87512726,1.049195053
3/7/2020 3:09,1.0809654,1.071793827
3/7/2020 3:19,1.184801,1.038073731
3/7/2020 3:29,0.9836222,1.035839847
3/7/2020 3:40,1.0550747,1.129077915
3/7/2020 3:50,0.71875995,1.042836543
3/7/2020 4:00,1.0742136,1.121209118
3/7/2020 4:09,0.8998296,1.051649703
3/7/2020 4:19,0.5520377,1.13398447
3/7/2020 4:29,0.5634452,1.014784255
3/7/2020 4:40,0.95588154,1.151865822
3/7/2020 4:50,0.70710564,1.135992603
