Time (UTC),Machines > Drill Press > MIB > X-Horizontal > Damage Accumulation,Machines > Drill Press > MIB > Y-Radial > Damage Accumulation
2/29/20 5:00,0.367776141,0.367431846942852
2/29/20 5:10,0.36795529200000004,0.36813671483002935
2/29/20 5:20,0.3668098590000002,0.36834523220351817
2/29/20 5:30,0.36757226900000006,0.3679362423722718
2/29/20 5:40,0.3654180190000001,0.3645034206643395
2/29/20 5:49,0.36641661100000017,0.3686881366270928
2/29/20 5:59,0.37039041600000006,0.37509402879353987
2/29/20 6:10,0.3579419950000001,0.36792919258104567
2/29/20 6:20,0.36514235700000003,0.36806190996669635
2/29/20 6:30,0.36647288400000005,0.370144071479831
2/29/20 6:40,0.3675756590000001,0.3728228363557503
2/29/20 6:50,0.367276286,0.3728228363557503
2/29/20 6:59,0.367818223,0.3719002881612347
2/29/20 7:09,0.36494370800000026,0.35659582064109313
2/29/20 7:20,0.3654060530000001,0.36927384117785256
2/29/20 7:30,0.35925514900000005,0.3575305589543423
2/29/20 7:40,0.36673051100000015,0.35664828710416446
2/29/20 7:50,0.3646466500000001,0.36033468054981377
2/29/20 8:00,0.3692900180000001,0.35659582064109313
2/29/20 8:09,0.36892130300000014,0.35659582064109313
2/29/20 8:19,0.365639661,0.36005135831299195
2/29/20 8:30,0.36525699500000003,0.35719686647815263
2/29/20 8:40,0.36813400600000007,0.3657488535015812
2/29/20 8:50,0.36879470500000017,0.36005135831299195
2/29/20 9:00,0.36879984999999993,0.3667697093116661
2/29/20 9:10,0.3665023690000001,0.35562285319367415
2/29/20 9:19,0.367173941,0.36713184804684573
2/29/20 9:29,0.363118705,0.3645685137588286
2/29/20 9:40,0.36511503600000006,0.3599256907185674
2/29/20 9:50,0.37454946799999994,0.37481070655671805
2/29/20 10:00,0.36511647499999994,0.35562285319367415
2/29/20 10:10,0.371829927,0.3625973877497389
2/29/20 10:20,0.3719055229999999,0.36231406551291706
2/29/20 10:29,0.3664229280000001,0.35659582064109313
2/29/20 10:39,0.36980502400000004,0.3668001549030136
2/29/20 10:50,0.3732562769999999,0.3761483053622989
2/29/20 11:00,0.366847669,0.3631913636596432
2/29/20 11:10,0.37274632100000005,0.3668001549030136
2/29/20 11:20,0.365026968,0.3599256907185674
2/29/20 11:30,0.36702849800000015,0.36005135831299195
2/29/20 11:39,0.3659752520000002,0.36033468054981377
2/29/20 11:49,0.366330075,0.3607553557805095
2/29/20 12:00,0.37044188799999994,0.35931007178510554
2/29/20 12:10,0.365589345,0.36130285072691853
2/29/20 12:20,0.36537716800000003,0.3599256907185674
2/29/20 12:30,0.36708250900000017,0.35659582064109313
2/29/20 12:40,0.3688675349999999,0.3591149541863084
2/29/20 12:49,0.36937075099999994,0.36231406551291706
2/29/20 12:59,0.36431373400000006,0.36005135831299195
2/29/20 13:10,0.368580871,0.3622688154651277
2/29/20 13:20,0.36522883400000006,0.36158617296374035
2/29/20 13:30,0.36684012600000004,0.35636496486734265
2/29/20 13:40,0.3669433700000001,0.3610386780173313
2/29/20 13:50,0.37190642499999993,0.36320218526529774
2/29/20 13:59,0.3645417790000002,0.36005135831299195
2/29/20 14:09,0.367658261,0.3561272486230939
2/29/20 14:20,0.3669434620000001,0.35659582064109313
2/29/20 14:30,0.3658363820000001,0.3610386780173313
2/29/20 14:40,0.36632981000000003,0.36130285072691853
2/29/20 14:50,0.36568281800000013,0.3610386780173313
2/29/20 15:00,0.365715619,0.36130285072691853
2/29/20 15:09,0.36883416800000013,0.36615010733966535
2/29/20 15:19,0.36772471400000023,0.3607553557805095
2/29/20 15:30,0.367005622,0.35659582064109313
2/29/20 15:40,0.367471155,0.35636496486734265
2/29/20 15:50,0.36859139999999985,0.3594876862369857
2/29/20 16:00,0.3652796280000002,0.36005135831299195
2/29/20 16:10,0.3683609479999999,0.35604439884402966
2/29/20 16:19,0.367137034,0.35959339402192736
2/29/20 16:29,0.3682401440000001,0.35636496486734265
2/29/20 16:40,0.366840488,0.36033468054981377
2/29/20 16:50,0.3672816719999999,0.3599256907185674
2/29/20 17:00,0.37140990400000007,0.3668001549030136
2/29/20 17:10,0.371387701,0.3640183161670099
2/29/20 17:20,0.3658946070000002,0.36005135831299195
2/29/20 17:29,0.368581933,0.35604439884402966
2/29/20 17:39,0.36748976399999983,0.35929256863818854
2/29/20 17:50,0.36850651300000004,0.3559749488396571
2/29/20 18:00,0.3668341479999999,0.3582522279515889
2/29/20 18:10,0.36803256599999995,0.3631913636596432
2/29/20 18:20,0.36779835200000016,0.3575003753507387
2/29/20 18:30,0.3677633090000001,0.356956913685036
2/29/20 18:40,0.3669492300000002,0.3607553557805095
2/29/20 18:49,0.3705230940000001,0.36615010733966535
2/29/20 18:59,0.3683104140000001,0.3575003753507387
2/29/20 19:10,0.3679572760000001,0.3631913636596432
2/29/20 19:20,0.3678764190000002,0.36005135831299195
2/29/20 19:30,0.36709843700000006,0.3607553557805095
2/29/20 19:40,0.36741512800000004,0.35714385198256365
2/29/20 19:50,0.368381714,0.35755284181381003
2/29/20 19:59,0.366503158,0.35742155885238086
2/29/20 20:09,0.3663778359999999,0.35533953095685233
2/29/20 20:20,0.36805499100000005,0.36005135831299195
2/29/20 20:30,0.36903532,0.35604439884402966
2/29/20 20:40,0.36832971300000006,0.35636496486734265
2/29/20 20:50,0.36322372600000014,0.3609597225154582
2/29/20 21:00,0.36727310200000013,0.35659582064109313
2/29/20 21:09,0.3679977959999998,0.3594876862369857
2/29/20 21:20,0.3652598540000001,0.35664828710416446
2/29/20 21:30,0.3663722560000002,0.35636496486734265
2/29/20 21:40,0.36782018200000016,0.356400703042296
2/29/20 21:50,0.36853759399999986,0.36013951178036374
2/29/20 22:00,0.3676745260000001,0.35636496486734265
2/29/20 22:10,0.36809815300000026,0.35636496486734265
2/29/20 22:19,0.3637872500000002,0.3599256907185674
2/29/20 22:29,3.964748461999996,6.0150547177497735
2/29/20 22:40,0.36715392100000016,0.3607553557805095
2/29/20 22:50,0.365529495,0.3561698472685455
2/29/20 23:00,0.36742564200000033,0.3607553557805095
2/29/20 23:10,0.3690302950000001,0.35636496486734265
2/29/20 23:20,0.36642329099999993,0.36336897811152336
2/29/20 23:29,0.36880735600000014,0.3631913636596432
2/29/20 23:39,0.36764612,0.35636496486734265
2/29/20 23:50,0.364649417,0.36336897811152336
3/1/20 0:00,0.369284493,0.35636496486734265
3/1/20 0:10,0.36824567800000013,0.35636496486734265
3/1/20 0:20,0.362532256,0.36005135831299195
3/1/20 0:30,0.36656095499999997,0.36336897811152336
3/1/20 0:39,0.36798724000000016,0.356400703042296
3/1/20 0:50,0.3672247750000001,0.3561698472685455
3/1/20 1:00,0.3630256520000002,0.3599256907185674
3/1/20 1:10,0.36678289900000005,0.35636496486734265
3/1/20 1:20,0.367778764,0.35636496486734265
3/1/20 1:30,0.3648783940000001,0.3599256907185674
3/1/20 1:39,0.3667319849999999,0.35742155885238086
3/1/20 1:49,0.36663633400000006,0.3561698472685455
3/1/20 2:00,0.3678232190000001,0.3561698472685455
3/1/20 2:10,0.36767908899999996,0.35533953095685233
3/1/20 2:30,0.36812430900000004,0.35604439884402966
3/1/20 2:40,0.3668333030000001,0.36005135831299195
3/1/20 2:49,0.3674529350000001,0.35659582064109313
3/1/20 2:59,0.3681135679999999,0.35533953095685233
3/1/20 3:10,0.3654239640000001,0.36005135831299195
3/1/20 3:20,0.36974323099999995,0.3591149541863084
3/1/20 3:30,0.365150565,0.36213351982612657
3/1/20 3:40,0.367352937,0.3631913636596432
3/1/20 3:50,0.3599454200000002,0.3576940495743824
3/1/20 4:00,0.3654904860000001,0.3564928690106351
3/1/20 4:09,0.36694180500000007,0.356400703042296
3/1/20 4:20,0.3671731049999999,0.36365230034834517
3/1/20 4:30,0.36809791199999997,0.35931007178510554
3/1/20 4:40,0.3667194459999999,0.3599256907185674
3/1/20 4:50,0.36733514100000014,0.36005135831299195
3/1/20 5:00,0.370413871,0.35636496486734265
3/1/20 5:10,0.36569166200000003,0.3558492812452325
3/1/20 5:19,0.3671474930000001,0.36683602552400774
3/1/20 5:30,0.3666584929999999,0.35929256863818854
3/1/20 5:40,0.3683554140000001,0.3562529162175185
3/1/20 5:50,0.3695255239999999,0.35931007178510554
3/1/20 6:00,0.3672331530000001,0.3575003753507387
3/1/20 6:10,0.366839377,0.35714385198256365
3/1/20 6:20,0.36489802000000005,0.35261135796618864
3/1/20 6:29,0.37422788099999993,0.36430163840383173
3/1/20 6:39,0.3667581239999999,0.3610386780173313
3/1/20 6:50,0.3684337429999999,0.3622688154651277
3/1/20 7:00,0.37204372699999994,0.36231406551291706
3/1/20 7:10,0.366118357,0.36336897811152336
3/1/20 7:20,0.36628826700000017,0.3607553557805095
3/1/20 7:30,0.3669316830000002,0.35664828710416446
3/1/20 7:39,0.36718377000000013,0.3607553557805095
3/1/20 7:49,0.36694950500000006,0.3561272486230939
3/1/20 8:00,0.3715279540000001,0.36918617542268983
3/1/20 8:10,0.36501208700000015,0.35659582064109313
3/1/20 8:20,0.36313446000000016,0.36005135831299195
3/1/20 8:30,0.36790022500000014,0.35636496486734265
3/1/20 8:40,0.3656256259999999,0.36158617296374035
3/1/20 8:50,0.36240565300000027,0.3592435688721197
3/1/20 8:59,0.36796962799999994,0.35931007178510554
3/1/20 9:10,0.36642695400000014,0.35636496486734265
3/1/20 9:20,0.36494596100000015,0.36005135831299195
3/1/20 9:30,0.3657872120000002,0.36005135831299195
3/1/20 9:40,0.3675919880000001,0.3563277210808515
3/1/20 9:50,0.367344249,0.35959339402192736
3/1/20 10:00,0.36552877899999997,0.36365230034834517
3/1/20 10:09,0.37394696799999994,0.3640183161670099
3/1/20 10:20,0.3686627559999999,0.35604439884402966
3/1/20 10:30,0.3684242780000001,0.35636496486734265
3/1/20 10:40,0.36753809200000004,0.36005135831299195
3/1/20 10:50,0.3681842700000001,0.3561698472685455
3/1/20 11:00,0.3695809459999999,0.3622688154651277
3/1/20 11:10,0.3652056289999999,0.35533953095685233
3/1/20 11:19,0.370323604,0.3629188630284759
3/1/20 11:30,0.36759138300000016,0.35659582064109313
3/1/20 11:40,0.36527888100000006,0.3631913636596432
3/1/20 11:50,0.3691016210000001,0.35636496486734265
3/1/20 12:00,0.368575044,0.3631913636596432
3/1/20 12:10,0.3617322130000003,0.36039234734559167
3/1/20 12:20,0.364452838,0.36005135831299195
3/1/20 12:29,0.3585234290000001,0.35781971716880695
3/1/20 12:39,0.36799141899999993,0.35636496486734265
3/1/20 12:50,0.36718840300000005,0.3631913636596432
3/1/20 13:00,0.36601919500000024,0.36005135831299195
3/1/20 13:10,0.3673756640000001,0.35636496486734265
3/1/20 13:20,0.36706561399999993,0.35533953095685233
3/1/20 13:30,0.3689865560000001,0.3575003753507387
3/1/20 13:39,0.36625151200000006,0.3599256907185674
3/1/20 13:49,0.3669746890000002,0.3607553557805095
3/1/20 14:00,0.36683240699999997,0.36336897811152336
3/1/20 14:10,0.36607176799999996,0.36336897811152336
3/1/20 14:20,0.3675161770000001,0.35659582064109313
3/1/20 14:30,0.3646320720000001,0.36005135831299195
3/1/20 14:40,0.36694613899999995,0.35636496486734265
3/1/20 14:50,0.36756514399999995,0.35636496486734265
3/1/20 14:59,0.36521281200000005,0.36005135831299195
3/1/20 15:10,0.3737176269999999,0.3630017128075402
3/1/20 15:20,0.368930535,0.36347468589646503
3/1/20 15:30,0.3664407210000001,0.3607553557805095
3/1/20 15:40,0.36796385500000006,0.35636496486734265
3/1/20 15:50,1.2190389139999995,0.42027126931258757
3/1/20 16:00,0.37322126,0.3668001549030136
3/1/20 16:09,0.36664006400000004,0.35636496486734265
3/1/20 16:20,0.36491479199999993,0.35562285319367415
3/1/20 16:30,0.36671602099999995,0.3561272486230939
3/1/20 16:40,0.36671057700000015,0.36005135831299195
3/1/20 16:50,0.3675998830000002,0.356400703042296
3/1/20 17:00,0.36989929000000005,0.3631913636596432
3/1/20 17:09,0.367337761,0.35636496486734265
3/1/20 17:19,0.368190221,0.3605486343728232
3/1/20 17:30,0.3732538389999999,0.36231406551291706
3/1/20 17:40,0.3649479210000001,0.35664828710416446
3/1/20 17:50,0.36570365499999996,0.35929256863818854
3/1/20 18:00,0.369748098,0.3561700664384542
3/1/20 18:10,0.3669593320000001,0.36005135831299195
3/1/20 18:19,0.368119557,0.35931007178510554
3/1/20 18:29,0.370710987,0.3629188630284759
3/1/20 18:40,0.36693384400000023,0.3607553557805095
3/1/20 18:50,0.36838424,0.35931007178510554
3/1/20 19:00,0.36687312600000005,0.36005135831299195
3/1/20 19:10,0.36665391800000025,0.3607553557805095
3/1/20 19:20,0.3657767250000001,0.3602090129553892
3/1/20 19:30,0.36520503300000007,0.35256875932073706
3/1/20 19:39,0.36824817000000004,0.3591149541863084
3/1/20 19:50,0.366435854,0.36336897811152336
3/1/20 20:00,0.3643963260000001,0.362397957612484
3/1/20 20:10,0.36740634800000016,0.36005135831299195
3/1/20 20:20,0.36643943000000007,0.3631913636596432
3/1/20 20:30,0.368415046,0.356400703042296
3/1/20 20:40,0.36680351899999997,0.3594876862369857
3/1/20 20:49,0.3593625140000001,0.357165452210167
3/1/20 21:00,0.36716408599999995,0.36336897811152336
3/1/20 21:10,0.368599726,0.35931007178510554
3/1/20 21:20,0.36808493099999984,0.3594876862369857
3/1/20 21:30,0.36694027800000006,0.36005135831299195
3/1/20 21:40,0.36624658100000007,0.3602090129553892
3/1/20 21:50,0.3658178080000002,0.36005135831299195
3/1/20 21:59,0.3598737920000001,0.3575305589543423
3/1/20 22:10,0.36526890300000003,0.36365230034834517
3/1/20 22:20,0.36611035400000014,0.3610386780173313
3/1/20 22:30,0.36697950099999993,0.3593982764231302
3/1/20 22:40,0.36172960100000007,0.36033468054981377
3/1/20 22:50,0.3655867590000001,0.3599256907185674
3/1/20 23:00,0.366098636,0.36033468054981377
3/1/20 23:09,0.3662452919999999,0.36365230034834517
3/1/20 23:20,0.3644853639999999,0.36158617296374035
3/1/20 23:30,0.3642634180000001,0.36033468054981377
3/1/20 23:40,0.3661546060000002,0.35659582064109313
3/1/20 23:50,0.37142653000000003,0.3670834771398354
3/2/20 0:00,0.3367001589999999,0.3485881931951121
3/2/20 0:10,0.36439501099999994,0.3598104888091665
3/2/20 0:19,0.36811615499999994,0.36320218526529774
3/2/20 0:30,0.369789117,0.3668001549030136
3/2/20 0:40,0.36616684,0.36336897811152336
3/2/20 0:50,0.3689201689999998,0.3594876862369857
3/2/20 1:00,0.36783551000000003,0.3561698472685455
3/2/20 1:10,0.35833935700000025,0.3579773718112042
3/2/20 1:19,0.36461662399999994,0.353863069550024
3/2/20 1:30,0.36745239799999996,0.35636496486734265
3/2/20 1:40,0.36859415999999995,0.3631913636596432
3/2/20 1:50,0.36677941600000014,0.35645338867527604
3/2/20 2:00,0.3686598970000001,0.3561698472685455
3/2/20 2:10,0.367163398,0.36336897811152336
3/2/20 2:20,0.36124991600000006,0.35781388119116414
3/2/20 2:29,0.36416071400000005,0.3528064755649858
3/2/20 2:40,0.3654997990000001,0.3610386780173313
3/2/20 2:50,0.3710852680000001,0.35604439884402966
3/2/20 3:00,0.367595199,0.35636496486734265
3/2/20 3:10,0.36711933599999996,0.35604439884402966
3/2/20 3:20,0.365548798,0.35533953095685233
3/2/20 3:30,0.3642423820000002,0.35636720141621053
3/2/20 3:39,0.3657190040000001,0.3610386780173313
3/2/20 3:49,0.373488316,0.3625973877497389
3/2/20 4:00,0.36743943700000004,0.3577836975875605
3/2/20 4:10,0.36707953500000007,0.35659582064109313
3/2/20 4:20,0.3668120220000002,0.36005135831299195
3/2/20 4:30,0.3703202650000001,0.3670834771398354
3/2/20 4:40,0.36759811900000017,0.35664828710416446
3/2/20 4:50,0.3652238740000001,0.3599256907185674
3/2/20 4:59,0.368691515,0.3575003753507387
3/2/20 5:10,0.36503171700000014,0.36033468054981377
3/2/20 5:20,0.36587684699999995,0.36130285072691853
3/2/20 5:30,0.3682879000000001,0.3607553557805095
3/2/20 5:40,0.3654879890000002,0.36005135831299195
3/2/20 5:50,0.365176804,0.36158617296374035
3/2/20 5:59,0.37291100799999977,0.3627237454296788
3/2/20 6:09,0.36670862400000004,0.35303733133873627
3/2/20 6:20,0.3670910170000001,0.35636496486734265
3/2/20 6:30,0.36624360899999997,0.35742717421938547
3/2/20 6:40,0.36623077500000006,0.35664828710416446
3/2/20 6:50,0.36630293700000016,0.36005135831299195
3/2/20 7:00,0.3654667350000002,0.36033468054981377
3/2/20 7:09,0.36611445099999995,0.35929256863818854
3/2/20 7:19,0.3667256650000001,0.35664828710416446
3/2/20 7:30,0.3658928940000002,0.3602090129553892
3/2/20 7:40,0.35890666200000004,0.35781971716880695
3/2/20 7:50,0.36791964100000013,0.3561698472685455
3/2/20 8:00,0.3674333960000001,0.3610386780173313
3/2/20 8:10,0.36403234200000006,0.35664828710416446
3/2/20 8:20,0.36429915700000004,0.36365230034834517
3/2/20 8:29,0.3661985480000001,0.3631913636596432
3/2/20 8:40,0.37378838200000003,0.3668001549030136
3/2/20 8:50,0.36790830999999996,0.35604439884402966
3/2/20 9:00,0.36474118200000005,0.35555646488395154
3/2/20 9:10,0.367025971,0.3640208036549014
3/2/20 9:20,0.368372847,0.3596762438009916
3/2/20 9:30,0.36626503799999993,0.36336897811152336
3/2/20 9:39,0.366802378,0.3582522279515889
3/2/20 9:50,0.3683718,0.35931007178510554
3/2/20 10:00,0.36575748400000024,0.36028221408674244
3/2/20 10:10,0.37350659399999986,0.36231406551291706
3/2/20 10:20,0.36422620300000014,0.36005135831299195
3/2/20 10:30,0.36863963600000005,0.35659582064109313
3/2/20 10:40,0.368218833,0.3575003753507387
3/2/20 10:49,0.36780334400000003,0.36005135831299195
3/2/20 11:00,0.36751125000000007,0.35636496486734265
3/2/20 11:10,0.3674653810000001,0.35659582064109313
3/2/20 11:20,0.3685604399999999,0.35604439884402966
3/2/20 11:30,0.36752090200000004,0.35714385198256365
3/2/20 11:40,0.362835237,0.36336897811152336
3/2/20 11:50,0.36441286500000003,0.3599256907185674
3/2/20 11:59,0.36784717299999997,0.35636496486734265
3/2/20 12:09,0.3683626820000001,0.3575003753507387
3/2/20 12:20,0.366097585,0.35659582064109313
3/2/20 12:30,0.368572549,0.356400703042296
3/2/20 12:40,0.36831387799999993,0.3558492812452325
3/2/20 12:50,0.3665847319999999,0.36336897811152336
3/2/20 13:00,0.36855124000000006,0.3561700664384542
3/2/20 13:09,0.36528294,0.35636496486734265
3/2/20 13:19,0.3675208610000001,0.3607553557805095
3/2/20 13:30,0.3681273390000001,0.3599256907185674
3/2/20 13:40,0.3671496529999999,0.3607553557805095
3/2/20 13:50,0.3666295420000003,0.3610386780173313
3/2/20 14:00,0.36498452700000017,0.35659582064109313
3/2/20 14:10,0.36575265000000007,0.3585355501884107
3/2/20 14:20,0.37025354,0.356400703042296
3/2/20 14:29,0.36747914300000006,0.3607553557805095
3/2/20 14:40,0.3662190180000001,0.35664828710416446
3/2/20 14:50,0.3652138930000002,0.36033468054981377
3/2/20 15:00,0.3657046120000001,0.36001037336316094
3/2/20 15:10,0.36633783500000006,0.3557515824827487
3/2/20 15:20,0.3644824109999999,0.35128882759730023
3/2/20 15:30,0.366949019,0.353537755267073
3/2/20 15:39,0.36611477800000003,0.35963287435728636
3/2/20 15:50,0.367958747,0.35963287435728636
3/2/20 16:00,0.369540754,0.3590215938787897
3/2/20 16:10,0.365691865,0.3572241487127223
3/2/20 16:20,0.368167038,0.35444230997671855
3/2/20 16:30,0.3665505209999999,0.35311178189452536
3/2/20 16:40,0.36696877299999997,0.36354355388988036
3/2/20 16:49,0.3673419359999999,0.35711705328951215
3/2/20 17:00,0.36586064100000004,0.3533746967631122
3/2/20 17:10,0.3651417310000001,0.3533068994933225
3/2/20 17:20,0.36521993599999997,0.3569932929389718
3/2/20 17:30,0.3644813980000001,0.3554152065160364
3/2/20 17:40,0.3658925610000001,0.35601760015097816
3/2/20 17:50,0.36388704199999994,0.3601478542335424
3/2/20 17:59,0.36328904900000014,0.3558272272280238
3/2/20 18:10,0.365694724,0.35270450585838076
3/2/20 18:20,0.365319301,0.35753423190252853
3/2/20 18:30,0.3641964559999999,0.3560714447602076
3/2/20 18:40,0.36400257700000016,0.35293536163213124
3/2/20 18:50,0.36485276000000005,0.35404839569900726
3/2/20 19:00,0.365083832,0.35373578980705506
3/2/20 19:09,0.3645884619999999,0.3601478542335424
3/2/20 19:20,0.36710075499999995,0.3603587771758109
3/2/20 19:30,0.37099877700000006,0.35841920024384794
3/2/20 19:40,0.3638619679999999,0.35404839569900726
3/2/20 19:50,0.3627595269999999,0.3527538249616761
3/2/20 20:00,0.3650545279999999,0.3574531780892668
3/2/20 20:10,0.3654807190000001,0.356830234435011
3/2/20 20:19,0.364830148,0.359735833521555
3/2/20 20:30,0.36392611,0.35373578980705506
3/2/20 20:40,0.36804722499999976,0.3592682152915906
3/2/20 20:50,0.36427207500000003,0.35270450585838076
3/2/20 21:00,0.3628110459999997,0.35613055721214193
3/2/20 21:10,0.36236874699999994,0.3565347874740471
3/2/20 21:20,0.3577376379999999,0.3511868578906952
3/2/20 21:29,0.364941363,0.35270450585838076
3/2/20 21:40,0.3637997269999999,0.3556594240482202
3/2/20 21:50,0.3619503400000001,0.3554152065160364
3/2/20 22:00,0.3619264449999999,0.3584411080827301
3/2/20 22:10,0.36361143599999984,0.35162619302167614
3/2/20 22:20,0.36154345099999985,0.35427925147275774
3/2/20 22:30,0.3635246389999998,0.3580817268489376
3/2/20 22:39,0.3698805929999998,0.3558272272280238
3/2/20 22:50,0.36271440999999993,0.35618660846181627
3/2/20 23:00,0.36100921399999997,0.35339117357333
3/2/20 23:10,0.37984491299999995,0.36429935612922143
3/2/20 23:20,0.375564133,0.3617357076782172
3/2/20 23:30,0.37049358399999993,0.36044634735366726
3/2/20 23:40,0.367818044,0.35270450585838076
3/2/20 23:49,0.362208835,0.35350322222315417
3/3/20 0:00,0.37814419999999993,0.3593103923103886
3/3/20 0:10,0.360513139,0.35373407799690465
3/3/20 0:20,0.35868702799999996,0.35412048107721145
3/3/20 0:30,0.36168628599999997,0.35643082599400006
3/3/20 0:40,0.35935295399999995,0.3532947428659237
3/3/20 0:50,0.359764294,0.3571896156688034
3/3/20 0:59,0.35991180799999994,0.3557745877498289
3/3/20 1:10,0.36168145199999996,0.35706394807437886
3/3/20 1:20,0.35786616599999993,0.3532947428659237
3/3/20 1:40,0.35948031199999997,0.3571896156688034
3/3/20 1:50,4.182560172999998,2.3014443018582353
3/3/20 2:00,0.3601455409999999,0.35707774300108946
3/3/20 2:09,0.36088904299999996,0.3535389603981075
3/3/20 2:20,0.36212416199999986,0.3560188052820127
3/3/20 2:30,0.364097439,0.3546688163101538
3/3/20 2:40,0.35997331600000004,0.35306388709217323
3/3/20 2:50,0.36256066299999995,0.35306388709217323
3/3/20 3:00,0.36732264400000003,0.3646481948136444
3/3/20 3:10,0.3644201059999998,0.3579790941446859
3/3/20 3:19,0.36069565,0.35412048107721145
3/3/20 3:30,0.362779451,0.35298753860104404
3/3/20 3:40,0.362237784,0.3571896156688034
3/3/20 3:50,0.36204201699999994,0.3560188052820127
3/3/20 4:00,0.36277704299999997,0.36050723546733493
3/3/20 4:10,0.364937398,0.35706394807437886
3/3/20 4:20,0.3606362819999999,0.36009521475534756
3/3/20 4:29,0.3623490789999998,0.36370400599871794
3/3/20 4:40,0.3622752039999998,0.3546386327065502
3/3/20 4:50,0.36150489500000005,0.3532947428659237
3/3/20 5:00,0.35965864000000003,0.3549511501764195
3/3/20 5:10,0.36237421999999986,0.3515462391244877
3/3/20 5:20,0.3590417089999999,0.3532947428659237
3/3/20 5:30,0.3614417029999999,0.36009521475534756
3/3/20 5:39,0.36301407999999996,0.35670456684058643
3/3/20 5:50,0.36035234099999996,0.3558272272280238
3/3/20 6:00,0.36864554499999996,0.35841920024384794
3/3/20 6:10,0.378660956,0.3611025855978384
3/3/20 6:20,0.36332782,0.35647905277140185
3/3/20 6:30,0.3603934229999999,0.3511868578906952
3/3/20 6:40,0.36321281499999986,0.356830234435011
3/3/20 6:49,0.36371583199999996,0.35239206490956243
3/3/20 7:00,0.36326325200000015,0.35753423190252853
3/3/20 7:10,0.36314019700000016,0.35293536163213124
3/3/20 7:20,0.3649830209999998,0.3550454931512496
3/3/20 7:30,0.3632840269999999,0.35294872339056454
3/3/20 7:40,0.36427201000000003,0.356830234435011
3/3/20 7:50,0.362981706,0.35753423190252853
3/3/20 7:59,0.36298937299999984,0.3539227281045827
3/3/20 8:10,0.3651801669999999,0.36822801910702696
3/3/20 8:20,0.36377994599999997,0.3601478542335424
3/3/20 8:30,0.36244449,0.3554152065160364
3/3/20 8:40,0.36262246400000003,0.3554152065160364
3/3/20 8:50,0.364386335,0.3528232749660487
3/3/20 9:00,0.3645703609999999,0.35162619302167614
3/3/20 9:10,0.36351994900000006,0.35670456684058643
3/3/20 9:20,0.364396118,0.3570610902087615
3/3/20 9:30,0.36338914200000016,0.35270450585838076
3/3/20 9:40,0.3643734270000001,0.356830234435011
3/3/20 9:50,0.36379734399999997,0.356830234435011
3/3/20 10:00,0.364181208,0.3533746967631122
3/3/20 10:10,0.36420275800000007,0.353179579164315
3/3/20 10:20,0.3645118109999999,0.356830234435011
3/3/20 10:29,0.36485781400000006,0.35238393983506777
3/3/20 10:40,0.36394348400000015,0.35905986838040094
3/3/20 10:50,0.3648598520000001,0.356830234435011
3/3/20 11:00,0.3644312009999999,0.359735833521555
3/3/20 11:10,0.3652010970000002,0.35270450585838076
3/3/20 11:20,0.364330323,0.3570610902087615
3/3/20 11:30,0.3727082059999999,0.3633446247649254
3/3/20 11:39,0.3644242,0.3558272272280238
3/3/20 11:50,0.3642787430000001,0.3533746967631122
3/3/20 12:00,0.365217385,0.35238393983506777
3/3/20 12:10,0.36504873100000007,0.356830234435011
3/3/20 12:20,0.36454207699999996,0.3511868578906952
3/3/20 12:30,0.37185273999999985,0.35946333289038773
3/3/20 12:40,0.36460730699999977,0.356830234435011
3/3/20 12:49,0.37396551199999983,0.3635076832688862
3/3/20 13:00,0.365465981,0.35769729040648934
3/3/20 13:10,0.3669280180000001,0.356830234435011
3/3/20 13:20,0.3669661859999999,0.36269457720157716
3/3/20 13:30,0.36539074799999993,0.353179579164315
3/3/20 13:40,0.365430762,0.35601760015097816
3/3/20 13:50,0.36563010300000004,0.3554152065160364
3/3/20 13:59,0.36623801799999983,0.3601478542335424
3/3/20 14:10,0.3657003099999999,0.35753423190252853
3/3/20 14:20,0.3671351640000001,0.35753423190252853
3/3/20 14:30,0.36520891000000005,0.3556594240482202
3/3/20 14:40,0.365503802,0.3558272272280238
3/3/20 14:50,0.36498345100000007,0.35250960742949233
3/3/20 15:00,0.363615043,0.3570610902087615
3/3/20 15:10,0.3641338759999999,0.35670456684058643
3/3/20 15:20,0.365620305,0.35294872339056454
3/3/20 15:30,0.365518827,0.35270450585838076
3/3/20 15:40,0.3636731539999999,0.35670456684058643
3/3/20 15:50,0.36423256999999987,0.35427925147275774
3/3/20 16:00,0.36399828300000003,0.35837395019605855
3/3/20 16:09,0.36199594800000007,0.3580817268489376
3/3/20 16:20,0.3649317179999999,0.359735833521555
3/3/20 16:30,1.8918512189999999,0.41565161132205214
3/3/20 16:40,0.36606232399999983,0.36269457720157716
3/3/20 16:50,0.3649003700000001,0.3554152065160364
3/3/20 17:00,0.3656043480000002,0.35270450585838076
3/3/20 17:10,0.37183148499999996,0.3605627860289217
3/3/20 17:19,0.36419143099999984,0.3601478542335424
3/3/20 17:30,0.362790085,0.36046293605739216
3/3/20 17:40,0.36179753700000006,0.3580817268489376
3/3/20 17:50,0.3653981729999999,0.35427925147275774
3/3/20 18:00,0.36049030399999993,0.35430943507636137
3/3/20 18:10,0.36255855900000006,0.35293536163213124
3/3/20 18:20,0.36241287599999994,0.35238393983506777
3/3/20 18:29,0.3644433339999999,0.35753423190252853
3/3/20 18:40,0.36398655599999996,0.3570610902087615
3/3/20 18:50,0.3646850629999999,0.3533746967631122
3/3/20 19:00,0.36460475499999995,0.35670456684058643
3/3/20 19:10,0.36415852400000015,0.35270450585838076
3/3/20 19:20,0.3648640879999999,0.35670456684058643
3/3/20 19:30,0.36527377200000005,0.3531438409893617
3/3/20 19:39,0.364348866,0.356830234435011
3/3/20 19:50,0.36368950299999997,0.35670456684058643
3/3/20 20:00,0.3612403839999999,0.35750419237737
3/3/20 20:10,0.3631399539999998,0.353179579164315
3/3/20 20:20,0.3634353599999999,0.35404839569900726
3/3/20 20:30,0.3614188609999999,0.356830234435011
3/3/20 20:40,0.358765006,0.35270450585838076
3/3/20 20:49,0.3643152439999998,0.35428328475346416
3/3/20 21:00,0.361855605,0.3554152065160364
3/3/20 21:10,0.364977403,0.359735833521555
3/3/20 21:20,0.3585708309999999,0.35306388709217323
3/3/20 21:30,0.3605646649999999,0.35789361313632095
3/3/20 21:40,0.35839707099999996,0.3532947428659237
3/3/20 21:50,0.36227589299999996,0.35789361313632095
3/3/20 21:59,0.35781488899999997,0.3532947428659237
3/3/20 22:10,0.3621149619999999,0.3573133760193438
3/3/20 22:20,0.36160919300000005,0.353308104624357
3/3/20 22:30,0.36525509299999986,0.35962759652538306
3/3/20 22:40,0.362971123,0.3571896156688034
3/3/20 22:50,0.3627892169999999,0.3615316102383195
3/3/20 23:00,0.36240835999999993,0.3574204714425539
3/3/20 23:09,0.36217222700000007,0.35789361313632095
3/3/20 23:20,0.36163290299999995,0.3560188052820127
3/3/20 23:30,0.36270250300000006,0.35789361313632095
3/3/20 23:40,0.358951961,0.3532947428659237
3/3/20 23:50,0.361230076,0.3571896156688034
3/4/20 0:00,0.36228833499999985,0.3562967726598741
3/4/20 0:10,0.3612015519999999,0.35789361313632095
3/4/20 0:19,0.3613512929999999,0.3573133760193438
3/4/20 0:30,0.36228949000000005,0.35274332106886025
3/4/20 0:40,0.361738108,0.35350322222315417
3/4/20 0:50,0.36237487699999993,0.35706394807437886
3/4/20 1:00,0.35931304000000003,0.3557745877498289
3/4/20 1:10,0.3613841789999999,0.36009521475534756
3/4/20 1:20,0.36070085099999993,0.35706394807437886
3/4/20 1:30,0.35917968400000005,0.35306388709217323
3/4/20 1:40,0.358900108,0.3553728137776713
3/4/20 1:50,0.36207953099999984,0.35706394807437886
3/4/20 2:00,0.3612402939999999,0.3574204714425539
3/4/20 2:10,0.3614354269999999,0.35706394807437886
3/4/20 2:20,0.361952384,0.35789361313632095
3/4/20 2:30,0.36185418599999997,0.3571896156688034
3/4/20 2:40,0.36158450799999997,0.36009521475534756
3/4/20 2:50,0.3597120509999999,0.3571896156688034
3/4/20 3:00,0.35966837300000004,0.3557745877498289
3/4/20 3:10,0.3616719469999998,0.35298753860104404
3/4/20 3:20,0.360043462,0.353308104624357
3/4/20 3:30,0.36127062599999993,0.3515462391244877
3/4/20 3:40,0.37052114299999983,0.3576868917286347
3/4/20 3:50,0.3643482349999998,0.356830234435011
3/4/20 4:00,0.36155637299999993,0.36009521475534756
3/4/20 4:10,0.3630848959999999,0.3589123959481456
3/4/20 4:20,0.3620172830000001,0.35293536163213124
3/4/20 4:30,0.363220787,0.35670456684058643
3/4/20 4:40,0.36265726800000003,0.35293536163213124
3/4/20 4:50,0.36608391099999993,0.356830234435011
3/4/20 5:00,0.364321668,0.36079967977692046
3/4/20 5:09,0.36399449500000003,0.3601478542335424
3/4/20 5:20,0.3632686949999999,0.359735833521555
3/4/20 5:30,0.3691977629999998,0.3633446247649254
3/4/20 5:40,0.36543445599999996,0.35293536163213124
3/4/20 5:50,0.363602515,0.353179579164315
3/4/20 6:00,0.36414424399999995,0.35670456684058643
3/4/20 6:10,0.36368947299999993,0.3589123959481456
3/4/20 6:19,0.3648971270000002,0.35270450585838076
3/4/20 6:30,0.363223223,0.35670456684058643
3/4/20 6:40,1.3733149959999988,0.41998768985135077
3/4/20 6:50,0.3646222730000001,0.3596622620153427
3/4/20 7:00,0.3648700389999999,0.355822482552181
3/4/20 7:10,0.36665903200000005,0.35404839569900726
3/4/20 7:20,0.36701781799999994,0.35427925147275774
3/4/20 7:30,0.36545904,0.35753423190252853
3/4/20 7:40,0.3651362,0.3569932929389718
3/4/20 7:50,0.365265766,0.35769729040648934
3/4/20 8:00,0.36586466399999984,0.35769729040648934
3/4/20 8:10,0.3661649429999998,0.35989889202551584
3/4/20 8:20,0.36482210099999995,0.35686762534454725
3/4/20 8:30,0.364530537,0.353537755267073
3/4/20 8:40,0.3694064869999999,0.3635076832688862
3/4/20 8:50,0.36543142800000006,0.3531120010644341
3/4/20 9:00,0.36673390600000005,0.3529863334700095
3/4/20 9:10,0.36420486700000004,0.3585750305237697
3/4/20 9:20,0.36618848299999995,0.3529863334700095
3/4/20 9:30,0.36841606400000004,0.35936970522660794
3/4/20 9:40,0.363389679,0.3533068994933225
3/4/20 9:50,0.36807951600000005,0.35963287435728636
3/4/20 10:00,0.3737016979999999,0.3638557946167045
3/4/20 10:10,0.366075793,0.3564928690106351
3/4/20 10:20,0.36501692900000005,0.35963287435728636
3/4/20 10:30,0.36597456300000014,0.35636720141621053
3/4/20 10:40,0.36723366399999996,0.3607553557805095
3/4/20 10:50,0.365820392,0.3564531695053673
3/4/20 10:59,0.3649098370000001,0.3557515824827487
3/4/20 11:10,0.36621212799999997,0.35719686647815263
3/4/20 11:20,0.36805450700000003,0.36320218526529774
3/4/20 11:30,0.36621171199999997,0.36130285072691853
3/4/20 11:40,0.36524410400000007,0.3624168420629484
3/4/20 11:50,0.36596191000000006,0.3528064755649858
3/4/20 12:00,0.36643196900000014,0.3607553557805095
3/4/20 12:09,0.3668380500000001,0.36005135831299195
3/4/20 12:20,0.364383129,0.36668828223529965
3/4/20 12:30,0.36728752900000006,0.35659582064109313
3/4/20 12:40,0.364163357,0.36336897811152336
3/4/20 12:50,0.3668001460000002,0.3607553557805095
3/4/20 13:00,0.3611919940000002,0.3576940495743824
3/4/20 13:10,0.3651154570000001,0.36005135831299195
3/4/20 13:19,0.36786060800000003,0.35636496486734265
3/4/20 13:30,0.368633415,0.35636496486734265
3/4/20 13:40,0.36763151100000013,0.36005135831299195
3/4/20 13:50,0.36520265400000007,0.36005135831299195
3/4/20 14:00,0.36723111300000005,0.35659582064109313
3/4/20 14:10,0.36723105000000006,0.3607553557805095
3/4/20 14:20,0.36010415000000007,0.3568821299733452
3/4/20 14:30,0.365534938,0.36005135831299195
3/4/20 14:40,0.3686642589999998,0.3594876862369857
3/4/20 14:50,0.3697641490000001,0.35636496486734265
3/4/20 15:00,0.36624846700000013,0.3607553557805095
3/4/20 15:10,0.3686996940000001,0.3561700664384542
3/4/20 15:20,0.3731293989999998,0.36320218526529774
3/4/20 15:30,0.365884476,0.3564928690106351
3/4/20 15:40,0.36582183999999995,0.36365230034834517
3/4/20 15:50,0.366534344,0.35339842438267915
3/4/20 16:00,0.35866875800000014,0.3579773718112042
3/4/20 16:10,0.365311527,0.3559291969346288
3/4/20 16:20,0.3666321220000001,0.35719686647815263
3/4/20 16:30,0.366939731,0.35261135796618864
3/4/20 16:40,0.36621565500000003,0.3564928690106351
3/4/20 16:49,0.3652763849999999,0.35686762534454725
3/4/20 17:00,0.36569367100000005,0.35178925152563695
3/4/20 17:10,0.3662493329999998,0.35769729040648934
3/4/20 17:20,0.36364186400000004,0.35670456684058643
3/4/20 17:30,0.36506727899999997,0.3549990449787716
3/4/20 17:40,0.36460358500000006,0.35670456684058643
3/4/20 17:50,0.36474261799999996,0.35753423190252853
3/4/20 18:00,0.364659752,0.353179579164315
3/4/20 18:10,0.3633144829999999,0.35262815736725156
3/4/20 18:20,0.366338376,0.35695399478555134
3/4/20 18:30,0.36394829500000014,0.3554152065160364
3/4/20 18:40,0.36524397699999994,0.35753423190252853
3/4/20 18:50,0.36504280200000006,0.35753423190252853
3/4/20 19:00,0.37038848900000004,0.3590239977594068
3/4/20 19:10,0.3635460719999999,0.35262815736725156
3/4/20 19:20,0.36457498899999996,0.3570610902087615
3/4/20 19:30,0.36305279599999984,0.35262815736725156
3/4/20 19:40,1.8343771599999987,0.4160636320340395
3/4/20 19:50,0.36521265799999997,0.35753423190252853
3/4/20 20:00,0.364886896,0.35373578980705506
3/4/20 20:10,0.365191226,0.35427925147275774
3/4/20 20:20,0.36254927300000006,0.35293536163213124
3/4/20 20:30,0.3674825069999999,0.3590239977594068
3/4/20 20:40,0.365059547,0.35753423190252853
3/4/20 20:50,0.3610288759999999,0.35238393983506777
3/4/20 21:00,0.36348343,0.3558272272280238
3/4/20 21:10,0.3647415639999999,0.35753423190252853
3/4/20 21:20,0.36404940299999994,0.356830234435011
3/4/20 21:30,0.363570024,0.35238393983506777
3/4/20 21:40,0.365800673,0.35841920024384794
3/4/20 21:50,0.36393173300000004,0.3511868578906952
3/4/20 22:00,0.36224601499999987,0.35753423190252853
3/4/20 22:10,0.3633983069999999,0.3601478542335424
3/4/20 22:20,0.36381835399999995,0.35293536163213124
3/4/20 22:30,0.3619703559999998,0.356830234435011
3/4/20 22:39,0.36367666,0.356830234435011
3/4/20 22:50,0.3677115749999998,0.3633446247649254
3/4/20 23:00,0.3604157600000001,0.3554152065160364
3/4/20 23:10,0.36801288099999996,0.35270450585838076
3/4/20 23:20,0.36302252199999985,0.3511868578906952
3/4/20 23:30,0.371281239,0.356830234435011
3/4/20 23:40,3.9824323299999964,6.00776429888007
3/4/20 23:49,0.3669023109999998,0.36269457720157716
3/5/20 0:00,0.3630401059999999,0.356830234435011
3/5/20 0:10,0.3632701729999999,0.35670456684058643
3/5/20 0:20,0.3620384459999999,0.35238393983506777
3/5/20 0:30,0.3636111109999999,0.36079967977692046
3/5/20 0:40,0.36462678400000004,0.35670456684058643
3/5/20 0:50,0.3628961649999999,0.3589123959481456
3/5/20 1:00,0.365398303,0.35290612474511296
3/5/20 1:10,0.3654976029999999,0.35753423190252853
3/5/20 1:20,0.3608603679999999,0.35625330076788925
3/5/20 1:30,0.36398207899999996,0.35270450585838076
3/5/20 1:40,0.36451805899999995,0.356830234435011
3/5/20 1:50,0.35831089099999985,0.3532947428659237
3/5/20 2:00,0.36468114799999973,0.35427925147275774
3/5/20 2:09,0.35792532,0.35270450585838076
3/5/20 2:20,0.3622642929999999,0.3558272272280238
3/5/20 2:30,0.36210658,0.35306388709217323
3/5/20 2:40,0.3615794349999999,0.3571896156688034
3/5/20 2:50,0.37814930999999996,0.3593103923103886
3/5/20 3:00,0.36081116,0.35373407799690465
3/5/20 3:10,0.362208961,0.35670456684058643
3/5/20 3:19,0.3667600779999999,0.35946333289038773
3/5/20 3:30,0.36197264700000004,0.3554152065160364
3/5/20 3:40,0.3627942699999999,0.3589123959481456
3/5/20 3:50,0.3642115739999998,0.35290612474511296
3/5/20 4:00,0.3660856189999999,0.36269457720157716
3/5/20 4:10,0.3635589619999999,0.35404839569900726
3/5/20 4:20,0.3648492319999999,0.35753423190252853
3/5/20 4:29,0.36495874400000006,0.3531438409893617
3/5/20 4:40,0.36357693399999996,0.356830234435011
3/5/20 4:50,0.36330855799999995,0.3558272272280238
3/5/20 5:00,0.36601693800000007,0.3578759035212791
3/5/20 5:10,0.36384279899999983,0.3539227281045827
3/5/20 5:20,0.364135641,0.35837395019605855
3/5/20 5:30,0.3638038049999999,0.35294872339056454
3/5/20 5:40,0.36543348900000006,0.35753423190252853
3/5/20 5:50,0.36339232899999985,0.3567790050062309
3/5/20 6:00,0.3639344359999999,0.3574531780892668
3/5/20 6:10,0.36525032899999993,0.35686762534454725
3/5/20 6:20,0.36370627299999997,0.354591768942627
3/5/20 6:30,0.3651184379999999,0.35670456684058643
3/5/20 6:40,0.3612060310000001,0.3568438133079214
3/5/20 6:50,0.36936849699999996,0.36072584453288253
3/5/20 7:00,0.36467307499999996,0.3558272272280238
3/5/20 7:10,0.365667468,0.3569932929389718
3/5/20 7:20,0.366324039,0.3589763438310003
3/5/20 7:30,0.3647599400000002,0.35601760015097816
3/5/20 7:40,0.3663183860000001,0.35303733133873627
3/5/20 7:50,0.36729525900000004,0.35311178189452536
3/5/20 8:00,0.365842811,0.35769729040648934
3/5/20 8:10,0.3648016840000001,0.3564928690106351
3/5/20 8:20,0.36634868900000006,0.3524859095416728
3/5/20 8:30,0.36472155700000025,0.3564928690106351
3/5/20 8:40,0.36573440300000004,0.3535853626802068
3/5/20 8:50,0.36467518300000007,0.3528064755649858
3/5/20 9:00,0.367975277,0.3593982764231302
3/5/20 9:10,0.3716911180000001,0.35936970522660794
3/5/20 9:20,0.3593436110000002,0.35989604270429876
3/5/20 9:30,0.36860539899999994,0.3602558180115422
3/5/20 9:40,0.3673309050000001,0.3564531695053673
3/5/20 9:50,0.36517562700000006,0.3638557946167045
3/5/20 10:00,0.36847594699999997,0.35931007178510554
3/5/20 10:10,0.367930134,0.3563277210808515
3/5/20 10:20,0.36458596200000015,0.36033468054981377
3/5/20 10:29,0.3685994229999999,0.3582522279515889
3/5/20 10:40,0.3655105030000001,0.3599256907185674
3/5/20 10:50,0.369011413,0.3607553557805095
3/5/20 11:00,0.36477604900000005,0.36005135831299195
3/5/20 11:10,0.36854643100000006,0.35636496486734265
3/5/20 11:20,0.3673019019999999,0.3572264412535837
3/5/20 11:30,0.36713682,0.36005135831299195
3/5/20 11:40,0.36820055700000004,0.3622688154651277
3/5/20 11:50,0.365228956,0.36130285072691853
3/5/20 12:00,0.367558439,0.3561698472685455
3/5/20 12:10,0.3661983680000001,0.356400703042296
3/5/20 12:20,0.3692616140000001,0.35659582064109313
3/5/20 12:30,0.3676041550000001,0.3607553557805095
3/5/20 12:40,0.36695795399999986,0.36336897811152336
3/5/20 12:50,0.3690583700000001,0.3622688154651277
3/5/20 13:00,0.371834381,0.3668001549030136
3/5/20 13:10,0.366473038,0.36336897811152336
3/5/20 13:20,0.3705244509999999,0.36231406551291706
3/5/20 13:30,0.36808180199999996,0.35636496486734265
3/5/20 13:40,0.36903624500000015,0.3631913636596432
3/5/20 13:50,0.370761714,0.3668001549030136
3/5/20 14:00,0.3684316449999999,0.35931007178510554
3/5/20 14:10,0.3664920610000001,0.35636496486734265
3/5/20 14:20,0.36818309600000015,0.35636496486734265
3/5/20 14:30,0.3647070969999999,0.36336897811152336
3/5/20 14:40,0.36542988900000006,0.36005135831299195
3/5/20 14:50,0.365480986,0.3599256907185674
3/5/20 15:00,0.36799294600000027,0.35659582064109313
3/5/20 15:10,0.36559419000000004,0.35261157713609736
3/5/20 15:20,0.36749104200000005,0.3528422137399391
3/5/20 15:30,0.366072878,0.35963287435728636
3/5/20 15:40,0.3654790370000001,0.3564928690106351
3/5/20 15:50,0.36680486599999995,0.35311178189452536
3/5/20 16:00,0.36714285899999993,0.35769729040648934
3/5/20 16:10,0.3667241330000001,0.3569932929389718
3/5/20 16:20,0.3675529930000001,0.3528422137399391
3/5/20 16:30,0.365696531,0.35686762534454725
3/5/20 16:40,0.365402536,0.35601760015097816
3/5/20 16:50,0.36887517200000003,0.3529863334700095
3/5/20 17:00,0.36617702,0.35769729040648934
3/5/20 17:10,0.36520771,0.3531120010644341
3/5/20 17:20,0.36664730200000006,0.35769729040648934
3/5/20 17:30,0.365043285,0.3570610902087615
3/5/20 17:40,0.3651482529999999,0.35306918324907377
3/5/20 17:50,0.36624679200000004,0.35837395019605855
3/5/20 18:00,0.36577281799999994,0.359735833521555
3/5/20 18:10,0.3660052529999999,0.3601478542335424
3/5/20 18:20,0.3640396409999999,0.35238393983506777
3/5/20 18:30,0.36545300599999997,0.35294872339056454
3/5/20 18:40,0.36354092299999996,0.356830234435011
3/5/20 18:50,0.36397429099999995,0.3570610902087615
3/5/20 19:00,0.36345169299999996,0.3548359864748108
3/5/20 19:10,0.3634963279999999,0.3556594240482202
3/5/20 19:20,0.37222478999999986,0.3633446247649254
3/5/20 19:30,0.36377002100000005,0.356830234435011
3/5/20 19:40,0.36516243100000007,0.35753423190252853
3/5/20 19:50,0.370793245,0.35946333289038773
3/5/20 20:00,0.3644170130000002,0.356830234435011
3/5/20 20:10,0.36456302900000004,0.35404839569900726
3/5/20 20:20,0.36235197700000016,0.35270450585838076
3/5/20 20:30,0.3648465939999999,0.35670456684058643
3/5/20 20:40,0.364001556,0.3601478542335424
3/5/20 20:50,0.36285943599999987,0.3558272272280238
3/5/20 21:00,0.35105458399999995,0.3451326630570239
3/5/20 21:10,0.363511709,0.35270450585838076
3/5/20 21:20,0.3639945859999999,0.3601478542335424
3/5/20 21:30,0.36580452599999996,0.35670456684058643
3/5/20 21:40,0.363704286,0.35837395019605855
3/5/20 21:50,0.36169103399999986,0.35293536163213124
3/5/20 22:00,0.360557454,0.3572150341629054
3/5/20 22:10,0.3625202299999999,0.35753423190252853
3/5/20 22:20,0.3642274650000001,0.35293536163213124
3/5/20 22:30,3.2210850410000016,1.0817759095764052
3/5/20 22:40,2.158824081999999,0.8159412729495593
3/5/20 22:50,3.2813395060000015,1.0798492471337187
3/5/20 23:00,0.36220021799999996,0.35412048107721145
3/5/20 23:10,0.35998768299999995,0.3544553569242264
3/5/20 23:20,0.36360675299999995,0.3583502297271061
3/5/20 23:30,0.36574356899999994,0.35484561511223195
3/5/20 23:40,0.36346151499999996,0.35905422719462365
3/5/20 23:50,0.363746883,0.3542738202537713
3/6/20 0:00,0.3611804219999999,0.3527068531827904
3/6/20 0:10,0.36181682999999987,0.35960305091682815
3/6/20 0:20,0.36385776500000006,0.3544687186826597
3/6/20 0:30,0.35978731899999983,0.35422450115047593
3/6/20 0:41,0.3632262019999999,0.3527068531827904
3/6/20 0:50,0.3629276349999999,0.3583502297271061
3/6/20 1:00,0.36359770099999983,0.35889549067080484
3/6/20 1:10,0.3636877819999998,0.3600222582283324
3/6/20 1:20,0.3637198829999999,0.3649004906780148
3/6/20 1:30,0.3645209779999999,0.36280409696433613
3/6/20 1:40,0.36732290199999995,0.36486462005702064
3/6/20 1:51,0.36335820899999993,0.3583502297271061
3/6/20 2:00,0.3624025939999999,0.3554522032778488
3/6/20 2:10,1.8946578019999987,0.41369618015439513
3/6/20 2:20,0.36458560899999987,0.3556964208100326
3/6/20 2:30,0.36335241299999993,0.35766003238540806
3/6/20 2:40,4.769842401999997,3.9468814724154346
3/6/20 2:50,0.362338266,0.3575411891391824
3/6/20 3:01,0.36151565199999985,0.35989394548815373
3/6/20 3:10,0.3658168889999998,0.3595473162141829
3/6/20 3:20,0.363524007,0.3585810855008566
3/6/20 3:30,0.3643211,0.3583502297271061
3/6/20 3:40,0.3646845569999999,0.35977283028336743
3/6/20 3:50,0.3647106429999999,0.36386794321970156
3/6/20 4:00,0.3617340509999999,0.35489469205520735
3/6/20 4:11,0.35956431299999986,0.3557745877498289
3/6/20 4:20,0.3645352049999998,0.35848346995881747
3/6/20 4:30,0.36029706199999995,0.35732285590051477
3/6/20 4:40,0.36632070199999994,0.3571896156688034
3/6/20 4:50,0.3616102699999999,0.35618660846181627
3/6/20 5:00,0.361003114,0.3571896156688034
3/6/20 5:10,0.36041119,0.35306388709217323
3/6/20 5:21,0.3605235220000001,0.35274332106886025
3/6/20 5:30,0.3617610389999999,0.3584411080827301
3/6/20 5:40,0.37057107300000014,0.3646481948136444
3/6/20 5:50,0.365715101,0.359735833521555
3/6/20 6:00,0.3671965749999999,0.3592682152915906
3/6/20 6:10,0.3638363069999999,0.35585454164701735
3/6/20 6:20,0.364232789,0.3533746967631122
3/6/20 6:30,0.4202662830000001,0.39166480971026196
3/6/20 6:40,0.365207217,0.35427925147275774
3/6/20 6:50,0.363429721,0.3556594240482202
3/6/20 7:00,0.363482807,0.35238393983506777
3/6/20 7:10,0.3633220510000001,0.3558272272280238
3/6/20 7:20,0.363796837,0.3608554144795657
3/6/20 7:30,0.36538392399999997,0.35427925147275774
3/6/20 7:41,0.363599811,0.35670456684058643
3/6/20 7:50,0.36148130300000014,0.3589123959481456
3/6/20 8:00,0.36665915099999985,0.3601478542335424
3/6/20 8:10,0.3658936179999999,0.3580178410409168
3/6/20 8:20,0.3648114520000001,0.35293536163213124
3/6/20 8:30,0.36606794299999995,0.35404839569900726
3/6/20 8:40,0.36828390199999994,0.3635076832688862
3/6/20 8:51,0.36457863500000004,0.35686762534454725
3/6/20 9:00,0.366516129,0.35334263766827584
3/6/20 9:10,0.3657790719999999,0.3569932929389718
3/6/20 9:20,0.36567510100000006,0.35686762534454725
3/6/20 9:30,0.364793121,0.3533068994933225
3/6/20 9:40,0.36702166699999983,0.35178925152563695
3/6/20 9:50,0.3671179789999998,0.3554629466168947
3/6/20 10:00,0.36592784600000017,0.35719686647815263
3/6/20 10:10,0.3714002519999999,0.3599745027421668
3/6/20 10:20,0.36563716600000007,0.35963287435728636
3/6/20 10:30,0.3670075789999999,0.35601760015097816
3/6/20 10:40,0.3598928470000001,0.3542612278664501
3/6/20 10:50,0.367415359,0.35394188604838184
3/6/20 11:00,0.36643527800000003,0.35394188604838184
3/6/20 11:10,0.364538355,0.353863069550024
3/6/20 11:20,0.3671058329999999,0.35959339402192736
3/6/20 11:30,0.36822114600000005,0.3562529162175185
3/6/20 11:40,0.3653732300000002,0.35659582064109313
3/6/20 11:50,0.36627428900000014,0.36028221408674244
3/6/20 12:00,0.3640220310000001,0.3528064755649858
3/6/20 12:10,0.37061757300000003,0.36040952492363953
3/6/20 12:20,0.3652808330000001,0.36005135831299195
3/6/20 12:30,0.36589337799999994,0.36336897811152336
3/6/20 12:40,0.3686851479999999,0.35931007178510554
3/6/20 12:50,0.36710015899999987,0.35742155885238086
3/6/20 13:00,0.3684215729999999,0.36295473364947006
3/6/20 13:10,0.367312901,0.3599256907185674
3/6/20 13:20,0.366967515,0.3558492812452325
3/6/20 13:31,0.3679656289999999,0.36058713937551967
3/6/20 13:40,0.368585911,0.3758028924025198
3/6/20 13:50,0.369377399,0.35931007178510554
3/6/20 14:00,0.36878932700000017,0.35636496486734265
3/6/20 14:10,0.367595587,0.36005135831299195
3/6/20 14:20,0.367695327,0.35604439884402966
3/6/20 14:30,0.3665206090000001,0.3607553557805095
3/6/20 14:41,0.36559484200000014,0.3567237247843856
3/6/20 14:50,0.3666793770000001,0.35636496486734265
3/6/20 15:00,0.3682715529999999,0.36347468589646503
3/6/20 15:10,0.3655869380000001,0.35687914287791495
3/6/20 15:20,0.3649129340000002,0.3564928690106351
3/6/20 15:30,0.36629313800000013,0.3632380558862919
3/6/20 15:40,0.365579244,0.3528064755649858
3/6/20 15:50,0.36785317900000003,0.356400703042296
3/6/20 16:00,0.3654891930000002,0.3564928690106351
3/6/20 16:10,0.365252394,0.35719686647815263
3/6/20 16:20,0.36431620100000023,0.35636720141621053
3/6/20 16:30,0.366812416,0.35959339402192736
3/6/20 16:40,0.3638208250000002,0.35636720141621053
3/6/20 16:50,0.3669485390000001,0.35303733133873627
3/6/20 17:01,0.3674598170000001,0.3528064755649858
3/6/20 17:10,0.36497896899999993,0.3598104888091665
3/6/20 17:20,0.3657443519999999,0.3559291969346288
3/6/20 17:30,0.36709227999999977,0.3575290740014995
3/6/20 17:40,0.36745005099999994,0.3559291969346288
3/6/20 17:50,0.373365352,0.3635076832688862
3/6/20 18:00,0.36465690700000003,0.3524859095416728
3/6/20 18:11,0.3692738790000001,0.36320574705335623
3/6/20 18:20,0.36629475899999986,0.35319485084349833
3/6/20 18:30,0.36667568899999997,0.3529863334700095
3/6/20 18:40,0.3725140029999999,0.3635076832688862
3/6/20 18:50,0.3648559990000002,0.3569932929389718
3/6/20 19:00,0.3666883380000001,0.3533068994933225
3/6/20 19:10,0.365362797,0.353537755267073
3/6/20 19:21,0.36562742200000004,0.3569932929389718
3/6/20 19:30,0.36722483199999995,0.3603109127375032
3/6/20 19:40,0.36978879099999995,0.3635076832688862
3/6/20 19:50,0.36694168900000007,0.3533068994933225
3/6/20 20:01,0.362980948,0.35178925152563695
3/6/20 20:10,0.36612523599999997,0.3569932929389718
3/6/20 20:20,0.3656662320000001,0.35601760015097816
3/6/20 20:30,0.36324200900000014,0.3533068994933225
3/6/20 20:40,0.36507824700000013,0.35601760015097816
3/6/20 20:50,0.37317962899999996,0.3635076832688862
3/6/20 21:00,0.36678395099999994,0.3540857866085435
3/6/20 21:10,4.270301134999999,3.185462857143111
3/6/20 21:20,1.3356681469999996,0.4182391861099148
3/6/20 21:30,0.36696473199999985,0.35444230997671855
3/6/20 21:40,0.3653144659999999,0.359735833521555
3/6/20 21:50,0.36449444100000006,0.35585454164701735
3/6/20 22:00,0.3642543739999999,0.356349412138069
3/6/20 22:11,0.37051205699999995,0.35946333289038773
3/6/20 22:20,0.36467881299999994,0.359735833521555
3/6/20 22:30,0.36544759,0.359735833521555
3/6/20 22:40,0.3630298880000001,0.3554152065160364
3/6/20 22:50,0.36245642499999997,0.35670456684058643
3/6/20 23:00,0.3627877789999999,0.35670456684058643
3/6/20 23:10,0.363777937,0.3560714447602076
3/6/20 23:20,0.361931498,0.3511868578906952
3/6/20 23:30,0.3634987859999999,0.353179579164315
3/6/20 23:40,0.360569085,0.35376109984341897
3/6/20 23:50,0.3632639229999999,0.3542004349743999
3/7/20 0:00,0.36256084899999996,0.35238393983506777
3/7/20 0:10,0.371210319,0.3590239977594068
3/7/20 0:20,0.364414994,0.35427925147275774
3/7/20 0:30,0.36428936199999984,0.3560714447602076
3/7/20 0:40,0.3652252270000001,0.356830234435011
3/7/20 0:50,0.3648149210000002,0.35270450585838076
3/7/20 1:00,0.3622959500000001,0.35270450585838076
3/7/20 1:10,0.36314252300000005,0.35238393983506777
3/7/20 1:20,0.36547632700000016,0.356830234435011
3/7/20 1:30,0.36585709299999986,0.36269457720157716
3/7/20 1:40,0.36590739000000005,0.35250960742949233
3/7/20 1:50,0.36406946200000007,0.3554152065160364
3/7/20 2:00,0.3646025250000001,0.3554152065160364
3/7/20 2:10,0.36499231499999985,0.3601478542335424
3/7/20 2:20,0.3633251489999999,0.35376109984341897
3/7/20 2:31,0.364711158,0.3558272272280238
3/7/20 2:40,0.36841063399999996,0.35670456684058643
3/7/20 2:50,0.360073886,0.354598593290826
3/7/20 3:00,0.36404135200000004,0.353179579164315
3/7/20 3:10,0.36449518699999994,0.359735833521555
3/7/20 3:20,0.3624576890000001,0.3589123959481456
3/7/20 3:30,0.3642405760000002,0.356830234435011
3/7/20 3:40,0.365552188,0.35427925147275774
3/7/20 3:50,0.3628222550000001,0.35270450585838076
3/7/20 4:00,0.3663904450000001,0.35238393983506777
3/7/20 4:10,0.3642213089999998,0.356830234435011
3/7/20 4:20,0.3659548410000001,0.35293536163213124
3/7/20 4:30,0.36518381300000013,0.35270450585838076
3/7/20 4:41,0.3654859210000001,0.35270450585838076
3/7/20 4:50,0.36660418100000003,0.35238393983506777
